name,release_date,rating,rating_top,metacritic,playtime,genres
The Elder Scrolls IV: Oblivion,2006-03-20,4.34,5,94.0,4,RPG
Company of Heroes,2006-09-11,3.67,4,93.0,7,Strategy
Dwarf Fortress,2006-08-08,4.29,5,93.0,3,"Strategy, Indie, RPG, Simulation"
Okami,2006-04-20,4.4,5,93.0,1,"Adventure, Action"
Age of Empires: The Age of Kings,2006-02-14,3.43,4,92.0,0,Strategy
Final Fantasy XII,2006-03-16,4.19,4,92.0,0,RPG
Gears of War,2006-11-08,4.11,4,90.0,7,"Shooter, Action"
New Super Mario Bros.,2006-05-15,4.16,4,89.0,25,"Platformer, Arcade, Action"
Bully,2006-10-17,4.36,4,87.0,0,"Adventure, Action, Simulation"
Metal Gear Solid: Portable Ops,2006-12-05,3.52,4,87.0,1,"Shooter, Action"
Elite Beat Agents,2006-11-06,4.36,5,87.0,37,Action
"Warhammer 40,000: Dawn of War - Dark Crusade",2006-10-09,4.17,4,87.0,3,Strategy
Jeanne d'Arc,2006-11-22,4.09,4,87.0,0,"Strategy, RPG"
Half-Life 2: Episode One,2006-06-01,4.37,5,87.0,4,"Shooter, Action"
IL-2 Sturmovik: 1946,2006-12-14,3.34,4,86.0,1,Simulation
Resistance: Fall of Man,2006-11-17,3.66,4,86.0,0,"Shooter, Action"
Shin Megami Tensei: Persona 3,2006-07-13,4.37,5,86.0,0,RPG
Midnight Club 3: DUB Edition Remix,2006-03-13,4.56,5,86.0,0,"Racing, Arcade"
Metroid Prime Hunters,2006-03-20,3.64,4,85.0,0,"Adventure, Action"
Tom Clancy's Ghost Recon: Advanced Warfighter,2006-03-09,3.48,4,85.0,1,"Shooter, Action"
Castlevania: Portrait of Ruin,2006-12-05,4.39,5,85.0,5,"Platformer, Adventure, Action"
The Legend of Heroes: Trails in the Sky,2006-10-28,4.25,5,85.0,5,RPG
Tom Clancy's Rainbow Six Vegas,2006-11-22,3.66,4,85.0,1,"Shooter, Action"
DEFCON,2006-09-28,3.05,4,84.0,1,"Strategy, Indie"
Fight Night Round 3,2006-02-20,4.0,4,84.0,0,"Action, Fighting, Simulation, Sports"
MotorStorm,2006-12-14,3.97,4,84.0,0,"Racing, Arcade"
Disciples II: Gallean's Return,2006-07-06,4.48,5,84.0,1,Strategy
Civilization IV: Warlords,2006-07-26,3.7,4,84.0,1,Strategy
Bleach: The Blade of Fate,2006-01-26,0.0,0,83.0,0,"Action, Fighting"
ToCA Race Driver 3,2006-02-24,4.19,4,83.0,6,"Racing, Arcade, Simulation, Sports"
Prey (2006),2006-07-11,4.11,4,83.0,0,"Shooter, Adventure, Action"
LocoRoco,2006-06-23,4.2,4,83.0,0,"Platformer, Action"
MegaMan Powered Up,2006-03-14,0.0,0,82.0,0,"Platformer, Action"
Mega Man Powered Up,2006-03-02,3.71,4,82.0,0,"Platformer, Action"
Dangerous Waters,2006-02-06,2.33,3,82.0,1,Strategy
Tekken 5: Dark Resurrection,2006-07-06,4.17,4,82.0,0,"Arcade, Fighting"
Hitman: Blood Money,2006-05-29,4.3,5,82.0,2,"Shooter, Action"
Tomb Raider: Legend,2006-04-06,3.9,4,82.0,2,"Adventure, Action"
Xpand Rally,2006-08-24,3.1,3,82.0,1,Racing
Dead Rising,2006-08-08,3.68,4,82.0,5,Action
Saints Row,2006-08-29,3.55,4,81.0,2,"Shooter, Adventure, Action"
Call of Duty 3,2006-11-07,3.77,4,81.0,3,Shooter
Xenosaga Episode III: Also sprach Zarathustra,2006-08-29,4.0,4,81.0,0,RPG
Red Orchestra: Ostfront 41-45,2006-03-14,3.02,4,81.0,1,Action
Marvel Ultimate Alliance,2006-10-24,3.92,4,81.0,2,"Adventure, Action, RPG, Fighting, Arcade"
Lara Croft Tomb Raider: Legend,2006-04-06,0.0,0,81.0,0,"Adventure, Action"
SOCOM: U.S. Navy SEALs Fireteam Bravo 2,2006-11-07,0.0,0,81.0,0,"Shooter, Action"
Onimusha: Dawn of Dreams,2006-01-26,3.92,4,81.0,0,Action
OutRun 2006: Coast 2 Coast,2006-06-28,4.39,4,81.0,2,"Racing, Arcade"
The Blackwell Legacy,2006-12-29,3.77,4,80.0,3,"Indie, Adventure"
Tom Clancy's Splinter Cell Double Agent,2006-10-17,3.77,4,80.0,2,"Adventure, Action"
Disciples II: Rise of the Elves,2006-07-06,4.48,5,80.0,1,Strategy
Grand Theft Auto: Vice City Stories,2006-10-31,4.01,4,80.0,42,"Racing, Shooter, Action"
Battlefield 2142,2006-10-17,3.8,4,80.0,1,"Shooter, Action"
SWAT 4: The Stetchkov Syndicate,2006-02-28,4.09,4,80.0,0,"Shooter, Action"
RoboBlitz,2006-11-06,2.78,3,80.0,1,"Indie, Adventure, Action"
Trauma Center: Second Opinion,2006-11-14,3.89,4,80.0,1,Simulation
WWE SmackDown! vs. Raw 2007,2006-11-10,3.73,4,80.0,0,"Arcade, Action, Fighting, Sports"
Star Wars: Empire at War,2006-02-16,4.02,4,79.0,2,Strategy
Test Drive Unlimited,2006-09-05,3.99,4,79.0,3,"Racing, Arcade"
BLACK,2006-02-24,4.04,4,79.0,3,Shooter
Mega Man Maverick Hunter X,2006-02-02,4.6,5,79.0,1,"Platformer, Action"
Rome: Total War - Alexander,2006-06-26,3.39,4,79.0,1,"Strategy, Simulation"
Crimson Sea,2006-02-01,0.0,0,78.0,0,Action
Ridge Racer 7,2006-11-11,0.0,0,78.0,0,"Racing, Arcade"
Tiger Woods PGA Tour 07,2006-10-10,1.88,1,78.0,0,Sports
Far Cry Instincts: Evolution,2006-03-28,3.0,3,78.0,0,"Shooter, Adventure"
Anno 1701 A.D.,2006-10-25,4.12,4,78.0,1,"Strategy, Simulation"
Field Commander,2006-05-23,0.0,0,77.0,0,"Strategy, Action"
Need For Speed Carbon,2006-10-30,3.92,4,77.0,20,"Racing, Arcade"
Sid Meier's Railroads!,2006-10-17,3.18,4,77.0,1,"Strategy, Simulation"
Ape Escape 3,2006-01-17,4.35,5,77.0,0,"Platformer, Action"
Yakuza 2,2006-12-07,4.22,5,77.0,0,"Adventure, Action"
Heroes of Might and Magic V,2006-05-16,4.2,4,77.0,2,Strategy
FlatOut 2,2006-06-29,4.3,4,76.0,2,"Racing, Arcade"
Wii Sports,2006-11-19,4.2,4,76.0,55,Sports
The Ship: Murder Party,2006-07-11,2.96,3,76.0,3,"Indie, Action, RPG"
Mega Man ZX,2006-09-12,3.5,4,76.0,1,"Platformer, Action"
Ys Origin,2006-12-21,3.84,4,76.0,5,"Adventure, Action, RPG"
NHL 07,2006-09-12,3.16,3,76.0,47,Sports
Need for Speed: Carbon – Own the City,2006-10-31,0.0,0,76.0,0,Racing
Suikoden V,2006-03-21,4.38,5,76.0,0,RPG
Devil May Cry 3: Dante's Awakening Special Edition,2006-01-24,4.4,5,76.0,1,"Adventure, Action"
City Life,2006-05-30,0.0,0,76.0,0,Strategy
Mortal Kombat: Armageddon,2006-10-11,3.78,4,76.0,0,"Arcade, Fighting"
Disney's Kim Possible: What's the Switch?,2006-11-07,0.0,0,76.0,0,"Platformer, Action, Fighting, Puzzle"
Gun Showdown,2006-10-10,0.0,0,75.0,0,"Shooter, Action"
Super Princess Peach,2006-02-27,3.82,4,75.0,0,"Platformer, Adventure, Action"
Just Cause,2006-09-22,3.32,4,75.0,1,"Shooter, Action"
Star Wars: Empire at War - Forces of Corruption,2006-10-24,3.95,4,75.0,0,Strategy
Baten Kaitos Origins,2006-09-25,0.0,0,75.0,0,RPG
F.E.A.R. Extraction Point,2006-10-24,4.01,4,75.0,0,"Shooter, Action"
Tony Hawk's Project 8,2006-11-07,3.41,4,75.0,0,"Arcade, Sports"
Dreamfall: The Longest Journey,2006-04-16,4.24,4,75.0,4,"Adventure, Action, RPG"
Elebits,2006-12-12,0.0,0,75.0,0,Action
SiN Episodes: Emergence,2006-05-10,3.53,4,75.0,1,"Shooter, Action"
Ace Combat X: Skies of Deception,2006-10-24,4.17,4,75.0,0,"Arcade, Action, Simulation"
Gurumin: A Monstrous Adventure,2006-06-29,3.3,4,75.0,6,"Adventure, Action, RPG"
Ace Combat Zero: The Belkan War,2006-03-23,4.43,5,75.0,0,Simulation
Scarface: The World Is Yours,2006-10-08,3.83,4,75.0,4,Action
Super Monkey Ball: Banana Blitz,2006-11-14,3.83,4,74.0,0,"Casual, Platformer"
Caesar 4,2006-09-08,3.48,4,74.0,1,"Strategy, Simulation"
Destroy All Humans! 2,2006-10-17,3.63,4,74.0,0,Adventure
Shin Megami Tensei: Devil Summoner - Raidou Kuzunoha vs. the Soulless Army,2006-03-02,4.08,4,74.0,0,"Adventure, Action, RPG"
Ankh,2006-03-17,3.67,4,74.0,0,"Family, Adventure"
The Godfather: The Game,2006-03-21,3.84,4,74.0,0,"Shooter, Adventure, Action"
Urban Chaos: Riot Response,2006-05-19,4.4,4,73.0,0,"Shooter, Action"
Bomberman (2006),2006-09-12,0.0,0,73.0,0,"Arcade, Action, Puzzle"
Dragon Ball Z: Budokai Tenkaichi 2,2006-10-05,4.16,4,73.0,0,Fighting
Disney•Pixar Cars,2006-06-06,3.94,4,73.0,1,"Racing, Adventure"
Mercury Meltdown,2006-08-24,0.0,0,73.0,0,Puzzle
Yggdra Union: We'll Never Fight Alone,2006-03-23,0.0,0,73.0,0,Strategy
God Hand,2006-09-14,4.43,5,73.0,15,Action
Warhammer: Mark of Chaos,2006-11-14,3.58,4,73.0,1,Strategy
Small Arms,2006-11-22,3.17,3,73.0,0,Action
Dark Messiah of Might and Magic,2006-10-24,4.3,4,72.0,2,"Action, RPG"
Call of Juarez,2006-09-06,3.82,4,72.0,3,"Shooter, Action"
Top Spin 2,2006-03-15,3.79,4,72.0,1,Sports
Perimeter: Emperor's Testament,2006-08-28,3.3,4,72.0,1,Strategy
MX vs. ATV Unleashed,2006-01-15,4.05,5,71.0,1,"Racing, Sports"
ToeJam & Earl III: Mission to Earth,2006-07-09,0.0,0,71.0,0,"Adventure, Action"
Resident Evil: Deadly Silence,2006-02-14,3.25,4,71.0,0,Action
flOw,2006-04-14,3.59,4,71.0,0,"Adventure, Puzzle, Arcade, Simulation, Indie"
Digimon World DS,2006-11-07,0.0,0,71.0,0,RPG
Darkstar One,2006-08-10,3.0,4,71.0,1,"Action, Simulation"
Medal of Honor: Heroes,2006-10-23,3.52,4,71.0,0,Shooter
Wild Arms 5,2006-12-14,3.86,4,71.0,0,RPG
Justice League Heroes: The Flash,2006-10-17,0.0,0,70.0,0,Action
Gunpey DS,2006-11-16,0.0,0,70.0,0,"Arcade, Puzzle"
Dungeon Maker: Hunting Ground,2006-09-28,0.0,0,70.0,0,"Action, RPG"
Nancy Drew: Danger by Design,2006-07-24,3.68,4,70.0,6,"Adventure, Puzzle"
Dragon Ball Z: Shin Budokai,2006-03-07,0.0,4,70.0,0,Fighting
Full Spectrum Warrior: Ten Hammers,2006-03-27,2.76,4,70.0,1,"Strategy, Action, Simulation"
Titan Quest,2006-06-26,3.9,4,69.0,1,"Action, RPG"
Monster House,2006-07-18,0.0,4,69.0,0,
Marc Ecko's Getting Up: Contents Under Pressure,2006-02-14,4.11,4,69.0,1,"Adventure, Action"
Black & White 2: Battle of the Gods,2006-04-25,3.78,4,69.0,0,Strategy
Cossacks 2: Battle for Europe,2006-06-19,3.62,4,69.0,1,Strategy
Gumboy - Crazy Adventures,2006-07-26,2.33,1,69.0,1,"Casual, Indie"
Thrillville,2006-11-21,0.0,0,69.0,0,"Strategy, Action"
.hack//G.U. vol. 1//Rebirth,2006-05-18,0.0,4,69.0,0,"Action, RPG"
Rogue Trooper,2006-04-20,3.66,4,69.0,1,"Shooter, Action"
Justice League: Heroes,2006-11-22,3.12,4,68.0,0,"Action, RPG"
Ice Age 2: The Meltdown (GBA),2006-03-14,0.0,0,68.0,0,"Platformer, Adventure"
Justice League Heroes (DS),2006-10-17,0.0,0,68.0,0,"Action, RPG"
Death Jr. 2: Root of Evil,2006-10-31,0.0,0,68.0,0,"Platformer, Adventure, Action"
Secret Files: Tunguska,2006-10-30,3.56,4,68.0,4,"Family, Adventure"
Nancy Drew: The Creature of Kapu Cave,2006-10-01,3.19,3,68.0,6,Adventure
Joint Task Force,2006-09-12,0.0,0,68.0,1,"Strategy, Action"
Ice Age 2: The Meltdown (DS),2006-03-14,0.0,0,68.0,0,"Platformer, Adventure"
FINAL FANTASY III,2006-11-14,3.77,4,68.0,5,RPG
Ice Age 2: The Meltdown,2006-03-14,3.85,4,68.0,0,"Platformer, Arcade"
Major League Baseball 2K6,2006-04-03,0.0,0,68.0,0,Sports
Space Empires V,2006-10-16,3.09,3,68.0,1,Strategy
CivCity: Rome,2006-07-23,3.56,4,67.0,1,"Strategy, Simulation"
Alien Shooter: Vengeance,2006-09-08,3.81,4,67.0,1,Arcade
Faces of War,2006-09-07,4.17,4,67.0,1,"Strategy, Action, Simulation"
Cooking Mama,2006-09-12,4.0,4,67.0,4,Educational
Shattered Union,2006-10-25,0.0,5,67.0,1,Strategy
Samurai Champloo: Sidetracked,2006-04-11,0.0,0,66.0,0,Action
Nickelodeon Barnyard,2006-08-01,0.0,0,66.0,0,"Adventure, Action, Sports"
Heroes of Might & Magic V: Hammers of Fate,2006-10-10,4.07,4,66.0,1,Strategy
Blazing Angels: Squadrons of WWII,2006-03-23,2.7,3,66.0,1,"Arcade, Action, Fighting"
Arena Football (2006),2006-02-07,0.0,0,66.0,0,"Simulation, Sports"
Barnyard,2006-08-01,3.9,4,66.0,0,"Arcade, Racing, Adventure, Sports"
Desperados 2: Cooper's Revenge,2006-04-27,3.28,3,66.0,1,"Strategy, Action"
Lost Planet: Extreme Condition,2006-12-21,3.67,4,66.0,1,"Shooter, Adventure, Action"
SpongeBob SquarePants: Creature from the Krusty Krab,2006-10-16,2.75,3,65.0,0,"Racing, Shooter, Adventure, Action, Platformer"
The Grim Adventures of Billy and Mandy,2006-09-25,0.0,0,65.0,0,"Arcade, Action, Fighting"
Armored Core 4,2006-12-21,3.57,4,65.0,0,"Shooter, Adventure, Action, Simulation"
Mazes of Fate,2006-12-12,0.0,0,65.0,0,RPG
Heroes of Annihilated Empires,2006-10-04,3.77,4,65.0,1,"Strategy, RPG"
Over the Hedge,2006-05-05,3.69,4,65.0,0,"Racing, Arcade, Action"
The Sims 2: Pets,2006-10-17,3.85,4,64.0,0,Strategy
Nicktoons: Battle for Volcano Island,2006-10-24,2.33,1,64.0,0,Action
Star Trek: Tactical Assault,2006-01-11,0.0,0,64.0,0,"Shooter, Arcade"
Naruto Ultimate Ninja Heroes 2: The Phantom Fortress,2006-03-30,0.0,0,64.0,0,Fighting
Tony Hawk's Downhill Jam,2006-10-24,2.9,4,64.0,0,"Racing, Sports"
Chaos Wars,2006-09-21,0.0,0,64.0,0,
Phantasy Star Universe,2006-08-31,3.28,3,64.0,0,"Massively Multiplayer, Action, RPG"
The Legend of Heroes II - Prophecy of the Moonlight Witch,2006-06-20,0.0,0,63.0,0,RPG
WTF: Work Time Fun,2006-07-10,0.0,0,63.0,0,Action
Atelier Iris 3: Grand Phantasm,2006-06-29,3.33,4,63.0,0,"Adventure, RPG"
Gothic 3,2006-10-12,3.7,4,63.0,1,"Adventure, Action, RPG"
.hack//G.U. vol. 2//Reminisce,2006-09-26,0.0,0,61.0,0,"Action, RPG"
Dream Pinball 3D,2006-08-30,1.5,1,61.0,3,"Casual, Arcade, Action, Simulation"
LarryBoy and the Bad Apple,2006-07-29,0.0,0,61.0,0,Platformer
N3: Ninety-Nine Nights,2006-04-20,3.41,3,61.0,0,"Adventure, Action"
Driver: Parallel Lines,2006-06-26,3.59,4,61.0,1,"Shooter, Action"
Nickelodeon Danny Phantom: Urban Jungle,2006-09-18,0.0,0,61.0,0,"Shooter, Action"
Last King of Africa (DS),2006-04-25,0.0,0,60.0,0,"Adventure, Puzzle"
Blade Dancer: Lineage of Light,2006-03-02,0.0,0,60.0,0,"Adventure, RPG"
Naruto: Ninja Council,2006-03-07,3.62,3,60.0,0,"Platformer, Action, Fighting"
Commandos: Strike Force,2006-03-15,3.37,3,60.0,13,"Shooter, Action"
Growlanser V: Heritage of War,2006-08-03,0.0,0,60.0,0,RPG
Alpha Prime,2006-12-22,2.49,3,59.0,1,Action
Rule of Rose,2006-09-12,4.1,4,59.0,0,"Adventure, Action"
Armored Core: Last Raven,2006-08-04,0.0,0,59.0,0,Simulation
Untold Legends: Dark Kingdom,2006-11-17,2.83,3,58.0,0,"Action, RPG"
Fullmetal Alchemist: Dual Sympathy,2006-12-12,0.0,0,58.0,0,Action
Rayman Raving Rabbids,2006-11-14,3.65,4,58.0,1,"Family, Adventure, Action"
Bleach: Shattered Blade,2006-12-14,0.0,0,58.0,0,"Action, Fighting"
Paradise,2006-04-27,3.5,4,57.0,0,"Casual, Indie, Adventure, RPG"
Dirge of Cerberus: Final Fantasy VII,2006-01-26,3.36,4,57.0,0,"Shooter, Adventure, Action"
Dawn of Mana,2006-12-21,3.29,4,57.0,0,RPG
Tenchu Z,2006-10-05,4.0,4,56.0,43,"Adventure, Action"
Iron Warriors: T - 72 Tank Command,2006-07-16,2.62,3,56.0,1,Strategy
Scooby-Doo! Who's Watching Who? (NDS),2006-10-16,0.0,0,56.0,0,Adventure
Genji: Days of the Blade,2006-11-14,0.0,0,55.0,14,"Adventure, Action"
Battle Of Europe,2006-03-23,0.0,0,54.0,0,Action
PocketBike Racer,2006-11-19,0.0,0,54.0,0,Racing
El Matador,2006-09-15,2.71,3,54.0,1,Action
B-Boy,2006-09-26,0.0,0,53.0,0,Platformer
Cabela's African Safari,2006-10-20,0.0,0,53.0,0,"Shooter, Adventure, Action, Sports"
Gangs of London,2006-09-01,0.0,4,52.0,0,"Adventure, Action"
Superman Returns: The Videogame,2006-11-20,2.24,3,51.0,0,"Adventure, Action"
Ape Academy,2006-01-17,0.0,0,51.0,0,Action
Eragon (DS/GBA),2006-11-14,0.0,0,50.0,0,"Adventure, Action"
Pirates of the Caribbean: The Legend of Jack Sparrow,2006-06-28,2.79,3,50.0,0,Action
Reservoir Dogs,2006-08-25,2.92,3,50.0,1,"Shooter, Action"
Eragon,2006-11-14,2.5,1,50.0,0,Action
WinBack 2: Project Poseidon,2006-04-25,0.0,0,48.0,0,
Spectral Souls: Resurrection of the Ethereal Empire,2006-09-26,0.0,0,47.0,0,"Strategy, RPG"
Made Man,2006-11-06,2.72,3,45.0,0,"Shooter, Adventure, Action"
Hard Truck: Apocalypse,2006-06-19,3.94,4,45.0,4,"Racing, Simulation"
Sonic The Hedgehog (2006),2006-11-14,2.41,1,44.0,0,Platformer
Asphalt Urban GT 2,2006-11-14,0.0,0,42.0,0,Racing
Xiaolin Shodown,2006-11-14,0.0,0,42.0,0,"Adventure, Action"
Pirates: Legend of the Black Buccaneer,2006-07-27,0.0,0,42.0,0,"Adventure, Action"
Torino 2006 - the Official Video Game of the XX Olympic Winter Games,2006-01-25,0.0,0,39.0,0,Sports
25 to Life,2006-01-17,2.72,3,39.0,0,"Shooter, Action"
Onechanbara: Bikini Samurai Squad,2006-12-14,2.67,4,39.0,0,"Adventure, Action"
Crash Boom Bang!,2006-07-20,0.0,0,37.0,0,Action
Tenchu: Dark Secret,2006-08-21,0.0,0,37.0,0,"Adventure, Action"
You Are Empty,2006-10-27,3.15,3,34.0,0,Shooter
Crazy Frog Racer 2,2006-12-01,0.0,0,29.0,0,"Racing, Arcade"
American McGee Presents Bad Day LA,2006-08-29,2.72,3,28.0,0,"Shooter, Adventure, Action"
Герои Мальгримии. Затерянный мир магии,2006-02-02,0.0,0,,0,Strategy
Arcade USA,2006-10-06,0.0,0,,0,"Arcade, Sports"
Boss Hunter: Revenge Is Sweet!,2006-09-18,0.0,0,,0,Arcade
Flatspace 2: The Rise of the Scarrid,2006-01-30,0.0,0,,0,Arcade
Super-Bikes: Riding Challenge,2006-09-01,0.0,0,,0,"Racing, Arcade, Simulation"
International Cricket Captain 2006,2006-06-16,0.0,0,,0,"Strategy, Sports"
Mitigo 9,2006-05-08,0.0,0,,0,Arcade
Marcus Trescothick's Cricket Coach,2006-03-31,0.0,0,,0,"Strategy, Sports"
Red Skies over Europe,2006-06-01,0.0,0,,0,"Arcade, Simulation"
NHRA Drag Racing: Quarter Mile Showdown,2006-06-01,0.0,0,,0,"Racing, Simulation"
RTL Ski Jumping 2007,2006-11-17,0.0,0,,0,Sports
Pizza Commander,2006-08-01,0.0,0,,0,Arcade
Rocket Racer,2006-09-21,0.0,0,,0,"Racing, Arcade"
Fritz 10,2006-11-15,0.0,0,,0,
Breakin 360°,2006-06-01,0.0,0,,0,Arcade
Universal Soccer Manager 2,2006-12-22,0.0,0,,0,"Strategy, Sports"
Sterling's Gift,2006-11-01,0.0,0,,0,Adventure
Fetch!,2006-05-22,0.0,0,,0,
bit Generations,2006-07-13,0.0,0,,0,"Action, Puzzle"
Claustrosphere,2006-01-01,0.0,0,,0,Arcade
"Reitakademie, Die",2006-10-13,0.0,0,,0,"Arcade, Sports"
Funky Alien Invaders,2006-01-01,0.0,0,,0,Arcade
Freedom Wings,2006-08-17,0.0,0,,0,
Mech Assault: Phantom War,2006-09-12,0.0,0,,0,
Brain Boost: Gamma Wave,2006-11-15,0.0,0,,0,
Brain Boost: Beta Wave,2006-11-15,0.0,0,,0,
Naruto Ninja Council 2,2006-10-10,0.0,0,,0,Arcade
Ultimate Solitaire 1000,2006-10-24,0.0,0,,0,Card
Polar Games,2006-02-24,0.0,0,,0,"Arcade, Sports"
Dragon Cave (dragcave.net),2006-05-21,0.0,0,,0,"Casual, Simulation"
MonsterTruck Challenge,2006-01-01,0.0,0,,0,"Racing, Arcade"
Blades of Thunder 2,2006-03-14,0.0,0,,0,
Gold of Mage,2006-08-01,0.0,0,,0,Arcade
Winx Club: Quest for the Codex,2006-11-07,0.0,0,,0,
My Farm,2006-01-01,0.0,0,,0,"Casual, Strategy, Simulation"
Chibi-Robo! Plug Into Adventure,2006-02-08,0.0,0,,0,Arcade
The Legend of Ares,2006-05-12,0.0,0,,0,"Massively Multiplayer, RPG"
Atomic Battle Dragons,2006-03-02,0.0,0,,0,Arcade
Super Swing Golf,2006-12-12,0.0,0,,0,
The Grim Adventures of Billy & Mandy,2006-09-25,0.0,0,,0,Fighting
Black Aftermath,2006-09-30,0.0,0,,0,Strategy
Dragon Hunters,2006-11-15,0.0,0,,0,"Adventure, Action, RPG, Strategy, Arcade, Indie"
Bass Pro Shops Trophy Bass 2007,2006-11-14,0.0,0,,0,Sports
Dooms 4: Endgame,2006-11-15,0.0,0,,0,RPG
Border Patrol (2006),2006-09-07,0.0,0,,0,Shooter
Dofus-Arena,2006-01-01,0.0,0,,0,Strategy
Pet Vet 3D: Wild Animal Hospital,2006-11-17,0.0,0,,0,"Strategy, Educational"
Magic Solitaire,2006-06-10,0.0,0,,0,Card
Mahjong Century,2006-03-28,0.0,0,,0,"Educational, Board Games, Puzzle"
Бумеранг,2006-05-16,0.0,0,,0,Adventure
ArchLord: The Legend of Chantra,2006-10-06,0.0,0,,0,"Massively Multiplayer, RPG"
WRC: FIA World Rally Championship (2006),2006-04-18,0.0,0,,0,Action
Dark Age of Camelot: Labyrinth of the Minotaur,2006-11-14,0.0,0,,0,"Massively Multiplayer, RPG"
Sturmoviks over Manchuria,2006-12-15,0.0,0,,0,Simulation
Tom and Jerry Tales,2006-10-31,0.0,0,,0,Platformer
Wildlife Tycoon: Venture Africa,2006-02-01,0.0,0,,0,"Casual, Strategy, Indie, Simulation"
Disney•Pixar's Finding Nemo: Escape to the Big Blue,2006-09-08,0.0,0,,0,Adventure
Orcs & Elves (2006),2006-05-01,0.0,0,,0,RPG
Seed (2006),2006-05-02,0.0,0,,0,"Massively Multiplayer, RPG"
State of War: Warmonger,2006-08-17,0.0,0,,0,Strategy
大富翁8 (RichMan 8),2006-03-07,0.0,0,,0,"Casual, Strategy"
D.N.A,2006-10-20,0.0,0,,0,"Arcade, Puzzle"
Race Driver 2006,2006-06-09,0.0,0,,0,Action
Dr. Robotnik's Mean Bean Machine,2006-12-11,0.0,0,,0,Arcade
Clubhouse Games,2006-10-09,0.0,0,,0,"Board Games, Puzzle"
Bliss Island,2006-05-30,0.0,0,,0,"Family, Arcade"
Last Chaos,2006-11-20,2.5,3,,24,"Massively Multiplayer, RPG"
Gekkou no Carnevale,2006-12-14,0.0,0,,0,Casual
Championship Manager 2006,2006-03-31,0.0,0,,0,"Strategy, Sports"
Sengoku Basara 2,2006-07-27,0.0,5,,0,Action
Ice Hockey,2006-12-11,4.0,4,,1,
EverQuest II: Echoes of Faydwer,2006-11-14,0.0,0,,0,"Massively Multiplayer, RPG"
Sega Rally 2006,2006-01-12,0.0,0,,0,Racing
Hollywood Pets,2006-10-18,0.0,0,,0,
Otometeki Koi Kakumei: Love Revolution!!,2006-01-26,0.0,0,,0,"Casual, Action"
NBA Ballers: Rebound,2006-05-09,0.0,0,,0,
Dogz 6,2006-11-16,0.0,0,,0,
Singstar Legends,2006-11-29,0.0,0,,0,Family
Sword of the Stars,2006-08-22,0.0,0,,3,Strategy
Cash Guns Chaos,2006-11-17,0.0,0,,0,"Shooter, Arcade, Action"
RIP: Strike Back,2006-04-11,0.0,0,,0,Arcade
Seawolves: Submarines on Hunt,2006-03-03,0.0,0,,0,Simulation
Pico's School,2006-04-30,0.0,4,,0,Adventure
College Hoops 2K7,2006-11-20,0.0,0,,0,Sports
Kuryuu Youma Gakuenki Recharge,2006-09-28,0.0,0,,0,Adventure
Wrestle Kingdom,2006-07-20,0.0,0,,0,"Fighting, Sports"
Tamagotchi Connection: Corner Shop 2,2006-11-14,0.0,4,,0,
Crazy Chessmate,2006-01-01,0.0,0,,0,
Full Auto 2: Battlelines,2006-12-07,0.0,0,,0,"Racing, Arcade"
Bowman 2 - Archer Game,2006-05-24,0.0,0,,0,"Action, Sports"
Guilty Gear Dust Strikers,2006-05-03,0.0,0,,0,
Unreal Championship,2006-12-12,0.0,0,,0,Action
Superman Returns: Fortress of Solitude,2006-11-20,0.0,0,,0,"Action, Puzzle"
The Silent Hill Collection,2006-04-21,0.0,0,,0,"Adventure, Action"
Children of Mana,2006-10-30,2.89,3,,3,
Garfield: Tale of Two Kitties,2006-10-05,0.0,0,,0,"Arcade, Adventure"
Jump Ultimate Stars,2006-11-23,4.67,5,,0,Fighting
Lamento -Beyond the Void-,2006-10-27,0.0,0,,0,Casual
WWII: Battle Over the Pacific,2006-09-15,0.0,0,,0,Arcade
Заговор Темной Башни,2006-05-23,0.0,0,,0,"Action, RPG"
Mario Hoops 3-on-3,2006-09-11,3.71,4,,0,Sports
Devil May Cry: 5th Anniversary Collection,2006-10-24,0.0,0,,0,"Adventure, Action, Fighting"
Final Fight Streetwise,2006-02-28,0.0,0,,0,"Action, Fighting"
Densetsu no Starfy 4,2006-04-13,0.0,0,,0,"Platformer, Action"
Tao's Adventure: Curse of the Demon Seal,2006-03-21,0.0,0,,0,"Action, RPG"
Hurrican,2006-10-18,0.0,0,,0,"Shooter, Platformer, Action"
Agent Hugo: RoboRumble,2006-10-06,0.0,3,,0,"Racing, Arcade"
NASCAR 07,2006-09-06,0.0,0,,0,Racing
Rampage: Total Destruction,2006-04-24,3.75,5,,0,Action
Mobile Suit Gundam: Crossfire,2006-11-13,0.0,0,,0,Simulation
Shrek Smash n' Crash Racing,2006-11-14,0.0,4,,0,Racing
London Taxi: Rushour,2006-02-10,0.0,0,,0,"Racing, Arcade"
Dance Dance Revolution Ultramix 2,2006-05-07,0.0,0,,0,Action
DarkOrbit: Reloaded,2006-12-11,0.0,0,,0,"Strategy, Massively Multiplayer, Action"
EverQuest: Prophecy of Ro,2006-02-21,0.0,0,,0,"Massively Multiplayer, RPG"
Dynasty Warriors 5: Xtreme Legends,2006-02-10,0.0,0,,0,Action
Cars: Radiator Springs Adventures,2006-06-06,0.0,0,,0,Arcade
DS Dengeki Bunko: Allison,2006-12-07,0.0,0,,0,Adventure
DS Dengeki Bunko: Inukami! feat. Animation,2006-12-07,0.0,0,,0,Adventure
Chess Titans (Microsoft),2006-11-08,0.0,0,,0,Board Games
Classic British Motor Racing,2006-02-10,0.0,0,,0,"Racing, Arcade"
GSR: German Street Racing,2006-10-10,0.0,0,,0,"Racing, Arcade"
24: The Game,2006-02-27,0.0,0,,0,Action
Gary Grigsby's World at War: A World Divided,2006-10-19,0.0,0,,0,Strategy
Diner Dash: Flo on the Go,2006-10-19,0.0,0,,0,Arcade
Astro Empires,2006-05-20,0.0,0,,0,
Sengoku Rance,2006-12-15,4.17,5,,0,"Strategy, RPG"
Adventures of Tuber,2006-01-01,0.0,0,,0,Arcade
American History Lux,2006-04-12,0.0,0,,0,Strategy
Armadillo Run,2006-04-22,0.0,0,,0,"Arcade, Puzzle"
Alexey's Dwice,2006-03-30,0.0,0,,0,Arcade
Armado,2006-12-04,0.0,0,,0,Arcade
Baghdad Central: Desert Gunner,2006-12-02,0.0,0,,0,Arcade
Blocksum,2006-12-31,0.0,0,,0,Puzzle
What Linus Bruckman Sees When His Eyes Are Closed,2006-11-25,0.0,0,,0,"Adventure, Puzzle"
Kidz Sports International Football,2006-11-24,0.0,0,,0,"Arcade, Sports"
Ice-Cream Tycoon,2006-12-08,0.0,0,,0,Strategy
Vigil - Episode 1: Blood Bitterness,2006-12-14,0.0,0,,0,Adventure
Outbreak (2006),2006-12-01,0.0,0,,0,"Shooter, Action"
Deal or No Deal (2006),2006-11-01,0.0,0,,0,
Space Empires 5,2006-10-11,0.0,0,,0,Strategy
Super City-Hero,2006-11-10,0.0,0,,0,"Racing, Arcade"
Lawnmower Racing Mania 2007,2006-11-20,0.0,0,,0,"Racing, Arcade"
Bloodmasters,2006-11-03,0.0,0,,0,Arcade
Days of Sail: Wind over Waters,2006-11-10,0.0,0,,0,Simulation
Specnaz: Project Wolf,2006-08-01,0.0,0,,0,"Shooter, Action"
Mr. Smoozles Goes Nutso,2006-09-01,0.0,0,,0,Arcade
Office Purks,2006-08-01,0.0,0,,0,Arcade
Naked War,2006-07-28,0.0,0,,0,Strategy
Living World Racing,2006-06-21,0.0,0,,0,"Racing, Arcade"
Derby Champion,2006-06-23,0.0,0,,0,Sports
Sachi's Quest,2006-06-23,0.0,0,,0,Action
Video Strip Poker Supreme,2006-07-12,0.0,0,,0,Card
Ship Simulator 2006,2006-06-15,0.0,0,,0,Simulation
"Детективное агентство ""Шустрый жучок""",2006-07-01,0.0,0,,0,Adventure
Th3 Plan,2006-03-17,0.0,0,,0,Action
Daemon Summoner,2006-03-31,0.0,0,,0,"Shooter, Action"
Golden Age of Racing,2006-04-01,0.0,0,,0,"Racing, Arcade"
Coffee Break 2,2006-01-01,0.0,0,,0,Strategy
Mindscape Kakuro,2006-03-01,0.0,0,,0,Puzzle
World War II Combat: Road to Berlin,2006-01-23,2.33,1,,0,"Shooter, Action"
Castle Knatterfels: Curse of the Zombie Krauts,2006-01-01,0.0,0,,0,Arcade
Video Game Tycoon,2006-01-01,0.0,0,,0,Strategy
Gibbage,2006-01-01,0.0,0,,0,Arcade
Time Stand Still,2006-10-01,0.0,0,,0,Adventure
The Axys Adventures: Truth Seeker - Battle Against the Lies,2006-09-21,0.0,0,,0,Action
HyperBall Racing,2006-09-18,0.0,0,,0,"Racing, Arcade"
Whirlwind over Vietnam,2006-09-15,0.0,0,,0,Simulation
Deer Drive,2006-04-24,0.0,0,,0,Arcade
Take Command: Second Manassas,2006-04-18,0.0,0,,0,Strategy
Panzer Elite Action: Fields of Glory,2006-04-11,0.0,0,,0,"Arcade, Action"
Norm Koger's The Operational Art of War 3,2006-06-05,0.0,0,,0,Strategy
The Omega Syndrome,2006-05-30,0.0,0,,0,RPG
Cath'thir,2006-04-12,0.0,0,,0,Strategy
Добрыня Никитич и Змей Горыныч,2006-03-31,3.36,3,,0,"Arcade, Adventure"
Wolfschanze 1944: The Final Attempt,2006-01-01,0.0,0,,0,"Shooter, Action"
Chicken Invaders: Revenge of the Yolk,2006-11-11,0.0,4,,0,Arcade
Bomberman Land Touch!,2006-11-07,0.0,0,,0,
Lada Racing Club,2006-03-15,1.62,1,,0,"Racing, Arcade"
Brain Age: Train Your Brain in Minutes a Day!,2006-04-17,3.67,4,,0,
Excite Truck,2006-11-19,4.0,5,,0,Racing
Zoo Tycoon 2: African Adventure,2006-05-16,3.5,4,,0,Strategy
Zoo Tycoon 2: Marine Mania,2006-10-17,4.33,4,,0,Strategy
Mother 3,2006-04-20,4.33,5,,0,RPG
Syphon Filter: Dark Mirror,2006-03-14,0.0,0,,0,"Shooter, Action"
Sex общага,2006-12-01,0.0,0,,0,Arcade
Барби: Показ мод,2006-09-08,0.0,0,,0,Casual
Stronghold Legends,2006-10-13,3.07,3,,3,"Strategy, Simulation"
Star Wolves 2,2006-04-27,3.92,4,,1,"Strategy, RPG"
Golden Axe,2006-11-30,3.86,4,,6,"Arcade, Action"
Football Manager 2007,2006-10-18,3.64,4,,1,"Strategy, Sports"
Genesis,2006-02-27,2.21,1,,0,"Action, Puzzle, Casual, Strategy, Massively Multiplayer"
Zoom Mission Paparazzi,2006-11-30,0.0,0,,0,Arcade
Super Mini Racing Ice,2006-01-01,0.0,0,,0,Racing
Asphalt 3: Street Rules,2006-01-01,0.0,0,,0,Racing
The Stalin Subway: Red Veil,2006-10-05,2.18,3,,3,Shooter
Far Cry Instincts: Predator,2006-03-27,3.14,3,,0,"Shooter, Action"
RapeLay,2006-04-20,4.29,5,,0,"Arcade, Simulation"
Sprint Cars Road to Knoxville,2006-09-01,0.0,0,,1,"Racing, Arcade"
18 Wheels of Steel: Haulin’,2006-09-01,3.67,4,,3,"Racing, Simulation"
The Lord of the Rings: The Battle for Middle-earth 2,2006-02-28,4.41,5,,0,Strategy
Age of Empires III: The WarChiefs,2006-10-17,3.8,5,,16,Strategy
Valkyrie Profile 2: Silmeria,2006-09-26,4.6,5,,0,RPG
NBA 2K7,2006-09-25,3.0,4,,0,Sports
Yu-Gi-Oh! Duel Monsters GX: Tag Force,2006-09-14,4.33,5,,0,Strategy
Pizza Frenzy Deluxe,2006-08-30,0.0,0,,2,Casual
Rocket Mania Deluxe,2006-08-30,0.0,0,,1,Casual
Runaway 2: The Dream of the Turtle,2006-11-16,3.93,4,,3,"Adventure, Action, RPG"
MotoGP (2006),2006-08-09,0.0,0,,0,Action
Uno Free Fall,2006-12-31,0.0,0,,0,Puzzle
Sudoku Gridmaster,2006-06-26,0.0,0,,0,
Fastlane Pinball,2006-05-08,0.0,0,,0,Arcade
Kitty Luv,2006-07-05,0.0,0,,0,
The Bee Game,2006-11-15,0.0,0,,0,Adventure
Over the Hedge: Hammy Goes Nuts,2006-10-24,0.0,0,,0,
Battleship/Connect Four/Sorry/Trouble,2006-08-17,0.0,0,,0,Action
Tanita: Plasticine Dream,2006-08-29,0.0,0,,0,Adventure
LMA Manager 2007,2006-09-22,0.0,0,,0,"Strategy, Sports"
TubeTwist,2006-01-12,0.0,0,,0,Puzzle
Baseball Mogul 2007,2006-03-28,0.0,0,,0,"Strategy, Sports"
Customplay Golf Expansion Pack,2006-03-31,0.0,0,,0,Sports
Puppy Luv,2006-03-01,0.0,0,,0,
Wings over Europe: Cold War Gone Hot,2006-05-01,0.0,0,,0,Simulation
Super Slam Ball,2006-04-29,0.0,0,,0,Arcade
PureSim Baseball 2007,2006-05-16,0.0,0,,0,"Strategy, Sports"
PC Football 2007,2006-10-01,0.0,0,,0,"Strategy, Sports"
Heimspiel 2006: Der Fussballmanager,2006-05-22,0.0,0,,0,"Strategy, Sports"
Xtreme Moped Racing,2006-07-07,0.0,0,,0,"Racing, Arcade"
Shlongg,2006-07-01,0.0,0,,0,Arcade
PoxNora,2006-08-01,0.0,0,,0,Strategy
Premier Manager 2006-2007,2006-08-18,0.0,0,,0,"Strategy, Sports"
Ninja Loves Pirate,2006-01-01,0.0,0,,0,Arcade
PDC World Championship Darts,2006-12-01,0.0,0,,0,Sports
Heimspiel: Eishockeymanager 2007,2006-12-08,0.0,0,,0,"Strategy, Sports"
Air Campaigns of WWII: Defending the Reich,2006-09-01,0.0,0,,0,Strategy
The Cheetah Girls,2006-09-14,0.0,0,,0,RPG
Rock 'Em Sock 'Em Robots,2006-10-26,0.0,0,,0,Fighting
Ostfront: Decisive Battles in the East,2006-01-24,0.0,0,,0,Simulation
The Tale of 3 Vikings,2006-08-21,0.0,0,,0,Strategy
Space Harrier II,2006-12-18,0.0,0,,0,Action
Cabbage Patch Kids: The Patch Puppy Rescue,2006-04-11,0.0,0,,0,Arcade
Capcom Classics Collection Reloaded,2006-10-24,0.0,0,,0,
Gunship: Apocalypse,2006-10-01,0.0,0,,0,"Arcade, Simulation"
Slaves to Armok 2: Dwarf Fortress,2006-08-08,0.0,0,,0,"Action, RPG"
Hoyle Puzzle & Board Games 2007,2006-09-08,0.0,0,,0,"Board Games, Puzzle"
Babar: To the Rescue,2006-06-28,0.0,0,,0,Arcade
Crusty Demons,2006-06-27,0.0,0,,0,Racing
Break 'Em All,2006-06-20,0.0,0,,0,Arcade
Cocoto Magic Circus (2006),2006-04-07,0.0,0,,0,
WarBirds 2006,2006-06-07,0.0,0,,0,Simulation
Nacho Libre,2006-11-03,0.0,0,,0,
La La Land 5,2006-01-01,0.0,0,,0,Platformer
XenoBlast,2006-10-01,0.0,0,,0,Arcade
Bug Mania,2006-01-01,0.0,0,,0,"Racing, Arcade"
Ultimate Riders,2006-01-01,0.0,0,,0,"Racing, Arcade"
Horsez,2006-10-26,0.0,0,,0,Strategy
V-Rally 3 (2006),2006-08-03,0.0,0,,0,Racing
Hearts of Iron II: Doomsday,2006-04-04,0.0,0,,0,Strategy
Friends of Mana,2006-10-18,0.0,0,,0,RPG
Family Guy Video Game!,2006-10-02,3.57,4,,0,"Adventure, Action"
Dynasty Warriors 5: Empires,2006-06-23,0.0,0,,0,Action
Paws and Claws: Pet Vet,2006-02-13,0.0,0,,0,"Casual, Strategy, Simulation"
Alliance: Future Combat,2006-07-01,0.0,0,,0,Strategy
Singstar Rocks!,2006-04-26,0.0,0,,0,Family
Monster 4x4: World Circuit,2006-11-19,0.0,0,,0,
Turtix,2006-12-01,0.0,0,,0,Arcade
VICTORY RUN,2006-12-04,0.0,0,,0,"Racing, Arcade"
Teen Titans 2 - The Brotherhood's Revenge,2006-10-23,0.0,0,,0,"Adventure, Action"
Sonic Mega Collection Plus,2006-03-31,4.0,4,,0,"Racing, Arcade"
Guilty Gear Judgment,2006-08-24,0.0,0,,0,Action
Persona 3: The Night Before,2006-06-01,0.0,0,,0,RPG
Moorhuhn,2006-10-06,0.0,0,,0,
Rush for Berlin,2006-05-30,0.0,0,,0,Strategy
Beer Tycoon,2006-11-27,0.0,0,,0,Strategy
Initial D: Street Stage,2006-02-23,0.0,0,,0,Racing
Aveyond,2006-01-10,0.0,0,,0,RPG
Quest For Bush: Night of Bush Capturing,2006-09-11,0.0,0,,0,Shooter
Odama,2006-03-31,0.0,0,,0,
42 All Time Classics,2006-09-29,0.0,0,,0,"Casual, Board Games"
Star Wars: Lethal Alliance,2006-12-07,0.0,0,,0,"Adventure, Action"
Another World 20ème anniversaire,2006-04-13,0.0,0,,0,
PSI: Syberian Conflict,2006-03-26,0.0,0,,0,Strategy
Mage Knight: Apocalypse,2006-09-26,3.88,4,,1,"Action, RPG"
Galactic Civilizations II: Dread Lords,2006-02-21,0.0,4,,2,Strategy
SNK vs. Capcom: Card Fighters Clash,2006-12-01,0.0,0,,0,Action
Alex Rider: Stormbreaker,2006-07-07,0.0,0,,0,Action
Line Rider,2006-09-23,0.0,0,,0,Platformer
Raiden 3,2006-03-17,0.0,0,,0,Arcade
Empire Earth 2: The Art of Supremacy,2006-02-14,3.4,4,,5,Strategy
Ridge Racer 2,2006-09-14,3.88,4,,0,"Racing, Simulation"
Ultimate Ghosts 'n Goblins,2006-08-13,0.0,0,,0,Action
Dogz,2006-11-22,0.0,0,,0,
Ultimate Duck Hunting: Hunting & Retrieving Ducks,2006-05-01,0.0,0,,0,"Arcade, Sports"
ATV Offroad Fury Pro,2006-10-26,0.0,0,,0,"Racing, Arcade"
Winter Sports (2006),2006-02-23,0.0,0,,0,Sports
Bridge Baron 16,2006-03-01,0.0,0,,0,Card
Hannah Montana,2006-10-10,0.0,0,,0,
Capcom Classics Collection Remixed,2006-03-22,0.0,0,,0,
Wings of Power 2: WWII Fighters,2006-06-27,0.0,0,,0,Simulation
Winterspiele 2006,2006-02-02,0.0,0,,0,"Arcade, Sports"
Raceway: Drag & Stock Racing,2006-09-29,0.0,0,,0,"Racing, Simulation"
Eudemons Online,2006-05-01,0.0,0,,0,"Casual, Massively Multiplayer, Adventure, RPG"
Московские менты. Беспредел,2006-02-02,0.0,0,,0,"Shooter, Action"
Алиса и Космический Дракон,2006-04-04,0.0,0,,0,Adventure
Дом 3,2006-09-06,0.0,0,,0,"Massively Multiplayer, RPG"
Трое из Простоквашино: День рождения Дяди Федора,2006-09-05,0.0,0,,0,Adventure
Cricket 07,2006-11-14,4.33,4,,0,Sports
Ran Online,2006-07-27,0.0,0,,0,"Massively Multiplayer, RPG"
Petz Vet,2006-11-01,0.0,0,,0,Educational
Ancient Wars: Sparta,2006-12-08,3.43,4,,0,Strategy
Battle Stadium D.O.N,2006-07-20,0.0,0,,0,Fighting
Purble Place,2006-11-08,3.17,3,,0,Puzzle
Yu-Gi-Oh! GX Duel Academy,2006-01-10,3.67,4,,0,Card
Rumble Roses XX,2006-03-28,0.0,0,,1,"Action, Fighting, Sports"
Rappelz,2006-11-03,2.3,1,,1,"Massively Multiplayer, RPG"
P4X the Riddle,2006-05-04,0.0,0,,0,Puzzle
Flushed Away,2006-10-24,0.0,0,,0,
Arvoch Conflict,2006-09-29,0.0,0,,0,"Strategy, Simulation"
Air Conflicts: Air Battles of World War II,2006-04-01,0.0,0,,0,"Arcade, Simulation"
Zombie Hunters 2,2006-12-22,0.0,0,,0,Action
DragonFable,2006-06-09,0.0,0,,0,"Action, RPG"
X-Change 3,2006-07-01,0.0,0,,0,Adventure
Treasure Pyramid,2006-07-01,0.0,0,,0,Puzzle
StarShift: The Zaran Legacy,2006-04-20,0.0,0,,0,Strategy
Styrateg,2006-06-25,0.0,0,,0,"Strategy, RPG"
Addictive Football,2006-12-04,0.0,0,,0,"Arcade, Sports"
An Untitled Story,2006-08-26,0.0,0,,0,"Platformer, Adventure"
Super Dragon Ball Z,2006-06-29,0.0,0,,0,Fighting
Treasures of the Deep,2006-09-19,0.0,0,,0,"Arcade, Puzzle"
Sexy Beach 3,2006-09-29,4.2,5,,0,Arcade
Cabela's Big Game Hunter 10th Anniversary Edition: Alaskan Adventure,2006-10-02,0.0,0,,0,"Racing, Arcade, Sports"
PrisonServer: The Online Prison,2006-09-21,0.0,0,,0,"Massively Multiplayer, RPG"
The Time Portal,2006-09-18,0.0,0,,0,Puzzle
Monkey Pole Climb,2006-01-01,0.0,0,,0,Arcade
Project Xenoclone,2006-01-01,0.0,0,,0,Arcade
Luxor: Amun Rising,2006-01-01,0.0,0,,63,Arcade
Yoomutjak's Ring,2006-01-01,0.0,0,,0,Adventure
Phoenix Racing,2006-01-01,0.0,0,,0,"Racing, Simulation"
I Spy: Mystery,2006-01-01,0.0,0,,0,"Casual, Adventure, Puzzle"
Slingo Quest,2006-11-10,0.0,0,,0,
Harley-Davidson: Race to the Rally,2006-11-27,0.0,0,,0,"Racing, Arcade"
PRISM: Guard Shield,2006-11-21,0.0,0,,0,"Shooter, Action"
For Liberty!,2006-11-08,0.0,0,,0,Strategy
Travelogue 360: Paris,2006-11-03,0.0,0,,0,
Обратный отсчет,2006-11-02,0.0,0,,0,"Shooter, Action"
Shootout! the Game,2006-11-03,0.0,0,,0,"Shooter, Action"
Sauerbraten,2006-07-22,0.0,0,,6,"Shooter, Action"
Circus Empire,2006-07-28,0.0,0,,0,Strategy
The Interactive Parables,2006-08-24,0.0,0,,0,"Educational, Arcade"
SOF/Raiders,2006-08-16,0.0,0,,0,"Shooter, Action"
Neuro,2006-03-10,0.0,0,,0,"Casual, Shooter, Indie, Action"
Knights 2: The Magic Medicine,2006-05-15,0.0,0,,0,Arcade
Brickshooter Egypt,2006-04-25,0.0,0,,0,
Blackwell Bundle,2006-12-22,0.0,0,,0,Adventure
RTL Biathlon 2007,2006-12-07,0.0,0,,0,Sports
Pirates Constructible Strategy Game Online,2006-12-14,0.0,0,,0,"Strategy, Board Games"
Туманный Ёж 2: Колючий космос,2006-12-25,0.0,0,,0,Adventure
Миллион лет до нашей эры,2006-12-14,0.0,0,,0,Strategy
Space Renegades: The Series,2006-11-30,0.0,0,,0,Arcade
Patriots: A Nation Under Fire,2006-11-01,0.0,0,,0,"Shooter, Action"
Starshatter: The Gathering Storm,2006-10-19,0.0,0,,0,"Strategy, Simulation"
Theatre of War (2007),2006-10-20,0.0,0,,0,Strategy
Civil War Battles: Campaign Vicksburg,2006-10-06,0.0,0,,0,Strategy
Snoopy Versus the Red Baron,2006-11-01,0.0,0,,0,Arcade
My Boyfriend,2006-11-01,0.0,0,,0,
FastCrawl,2006-10-10,0.0,0,,0,RPG
WarPath,2006-05-26,0.0,0,,0,"Shooter, Strategy, Action"
Sensible Soccer 2006,2006-06-08,0.0,0,,9,Sports
Star Defender 3,2006-06-09,0.0,0,,0,"Arcade, Action"
Panzer Command: Operation Winter Storm,2006-06-30,0.0,0,,0,Strategy
Harpoon 3,2006-06-14,0.0,0,,0,Strategy
Putt Nutz: The Jungle Adventure,2006-07-01,0.0,0,,0,"Arcade, Sports"
Ice Land 2,2006-05-29,0.0,0,,0,Arcade
Legion Arena: Cult of Mithras,2006-03-01,0.0,0,,0,Strategy
John Deere: North American Farmer,2006-02-21,0.0,0,,0,Strategy
Золотой теленок,2006-02-06,0.0,0,,0,Adventure
Книга теней,2006-01-13,0.0,0,,0,Arcade
Mu-cade,2006-02-01,0.0,0,,0,Arcade
The Settlers: Heritage of Kings - Legends,2006-01-01,0.0,0,,0,Strategy
Contact,2006-10-17,0.0,0,,0,"Casual, Indie, Adventure"
Urmel aus dem Eis,2006-01-01,0.0,0,,0,Arcade
В тылу врага: Диверсанты 2,2006-10-06,3.82,4,,0,Strategy
Jissen Pachi-Slot Hisshouhou! Ultraman Club ST,2006-03-16,0.0,0,,0,Action
Charlotte's Web,2006-11-14,0.0,0,,0,Adventure
Super Monkey Ball Adventure,2006-06-30,0.0,0,,0,"Adventure, Action"
IHRA Drag Racing: Sportsman Edition,2006-06-06,0.0,0,,0,"Racing, Simulation"
Evenings on a Farm near Dikanka 2,2006-10-27,0.0,0,,0,Adventure
Петька 007: Золото партии,2006-09-28,0.0,0,,0,Adventure
Wildlife Park 2,2006-05-12,0.0,0,,4,"Casual, Strategy, Indie, Simulation"
Братья Пилоты. Загадка атлантической сельди,2006-01-27,0.0,0,,0,Arcade
Mario vs. Donkey Kong 2: March of the Minis,2006-09-25,3.75,4,,0,
Terrorist Takedown: War in Colombia,2006-05-01,0.0,0,,0,"Shooter, Action"
Winx Club,2006-03-01,4.05,4,,0,"Shooter, Adventure, Action"
Scurge: Hive,2006-10-24,0.0,0,,0,
Feeding Frenzy 2: Shipwreck Showdown,2006-02-06,0.0,0,,0,Arcade
Temple of Tangram,2006-09-01,0.0,0,,0,Puzzle
Final Fantasy XI: Treasures of Aht Urhgan,2006-04-18,0.0,0,,0,"Massively Multiplayer, RPG"
The Da Vinci Code,2006-05-19,3.14,3,,0,"Adventure, Action, Puzzle"
Siren 2,2006-08-04,4.17,4,,0,Action
Happy Feet,2006-11-13,3.0,4,,0,Arcade
SpongeBob SquarePants Nighty Nightmare,2006-12-01,0.0,0,,0,Arcade
Ape Escape: Million Monkeys,2006-07-13,0.0,0,,0,"Platformer, Action"
RACE - The WTCC Game,2006-11-24,3.33,4,,1,Racing
FIFA 07,2006-09-25,3.91,4,,0,Sports
Killzone: Liberation,2006-10-31,3.93,4,,24,Shooter
Enchanted Arms,2006-01-12,3.29,3,,0,RPG
Pro Evolution Soccer 6,2006-10-27,4.39,5,,77,Sports
Barrow Hill: Curse of the Ancient Circle,2006-10-04,3.33,5,,1,"Indie, Adventure"
The Settlers 2: 10th Anniversary,2006-10-26,3.62,4,,2,Strategy
Vegas: Make It Big,2006-12-21,3.0,3,,1,Strategy
Madden NFL 07,2006-08-22,3.19,3,,0,Sports
Face of Mankind,2006-01-01,2.31,1,,1,"Shooter, Action, RPG, Strategy, Massively Multiplayer"
Neverwinter Nights 2 Complete,2006-10-30,4.07,4,,1,"Adventure, RPG"
Typer Shark! Deluxe,2006-08-30,0.0,0,,11,Casual
Iggle Pop Deluxe,2006-08-30,0.0,0,,1,Casual
Pokémon Ranger,2006-10-30,3.6,4,,6,
Zen of Sudoku,2006-12-14,0.0,0,,1,"Casual, Indie"
Talismania Deluxe,2006-08-30,0.0,0,,1,Casual
Victoria: Revolutions,2006-08-17,0.0,0,,1,Strategy
Cars: The Video Game,2006-06-06,4.43,5,,0,"Racing, Arcade"
Kirby: Squeak Squad,2006-12-04,3.97,4,,0,Arcade
Naruto: Uzumaki Chronicles 2,2006-11-16,3.25,3,,0,Action
Crashday,2006-02-24,3.56,4,,0,"Racing, Arcade"
The Legend of Spyro: A New Beginning,2006-10-10,3.17,4,,0,"Adventure, Action"
Planet Alcatraz,2006-11-03,3.85,4,,4,RPG
Alarm for Cobra 11: Nitro,2006-11-16,0.0,0,,0,"Racing, Arcade"
TrackMania Nations,2006-01-27,4.35,5,,43,"Racing, Arcade, Puzzle"
D.i.R.T.: Origin of the Species,2006-09-06,0.0,0,,0,"Shooter, Action"
Saints & Sinners Bowling,2006-01-01,0.0,0,,0,"Casual, Arcade, Sports"
The Tousou Highway ~Nagoya-Tokyo~,2006-02-01,0.0,0,,0,"Arcade, Adventure, Action"
Half-Life Deathmatch: Source,2006-05-01,3.22,4,,1,Action
The Ship: Single Player,2006-11-20,2.66,3,,1,"Indie, Action, RPG"
Karous,2006-11-15,0.0,0,,0,
Puppy Luv: A New Breed,2006-09-22,0.0,0,,0,
Front Office Football 2007,2006-10-27,0.0,0,,0,"Strategy, Sports"
Underground Fighting,2006-12-01,0.0,0,,0,"Arcade, Fighting"
Leaderboard Golf,2006-02-01,0.0,0,,0,Sports
TINcan! Escape,2006-11-24,0.0,0,,0,Puzzle
Maximum-Football,2006-03-04,0.0,0,,0,Sports
Cash Out,2006-10-12,0.0,0,,0,
"Timothy and Titus: Saints, Martyrs, Heroes",2006-11-20,0.0,0,,0,Arcade
Winter Challenge,2006-02-01,0.0,0,,0,Sports
Midway Arcade Treasures: Deluxe Edition,2006-02-17,0.0,0,,0,"Racing, Arcade, Fighting"
Dark Matter (2006),2006-05-15,0.0,0,,0,Arcade
Real World Golf 2007,2006-08-25,0.0,0,,0,Sports
Zak & Jack in Showdown at Monstertown,2006-05-03,0.0,0,,0,Arcade
Pro Cycling Manager 2006,2006-06-23,0.0,0,,0,"Strategy, Sports"
International Cricket Captain Ashes Edition 2006,2006-11-24,0.0,0,,0,"Strategy, Sports"
Greg Hastings' Tournament Paintball Max'd,2006-01-30,0.0,0,,0,Shooter
True Swing Golf,2006-01-23,0.0,0,,0,
Totally Spies! 2 Undercover,2006-11-14,0.0,0,,0,Action
Disney's That's So Raven: Psychic on the Scene,2006-11-17,0.0,0,,0,
Lionel Trains - On Track,2006-11-30,0.0,0,,0,
The Dog: Happy Life,2006-06-05,0.0,0,,0,Action
Cartoon Network All-Stars,2006-10-10,0.0,0,,0,Arcade
Devil Kings 2,2006-07-27,0.0,0,,0,Action
Pinball Fussball-Edition 2006,2006-03-31,0.0,0,,0,Arcade
AND 1 Streetball,2006-06-06,0.0,0,,0,Sports
Hummer Badlands,2006-04-13,0.0,0,,0,Racing
Bode Miller Alpine Skiing,2006-02-06,0.0,0,,0,Sports
In the Groove,2006-08-16,0.0,0,,0,Arcade
Gunpey,2006-11-17,0.0,0,,0,Puzzle
Rugby 06,2006-02-22,0.0,0,,0,Sports
Fraxy,2006-05-27,0.0,0,,0,Shooter
Dungeon Maker: Hunting Ground (2006),2006-09-28,0.0,0,,0,RPG
ATV Offroad Fury 4,2006-10-31,0.0,0,,0,Racing
EA Replay,2006-11-14,0.0,0,,0,"Racing, RPG, Fighting, Strategy, Arcade, Simulation, Sports"
Skateboarding: Urban Tales,2006-12-01,0.0,0,,0,"Arcade, Sports"
NFL Street 3,2006-11-14,0.0,0,,0,Sports
Mage Knight: Destiny's Soldier,2006-09-26,0.0,0,,0,
Monster Bomber,2006-11-16,0.0,0,,0,
.hack//Vol. 1 x Vol. 2,2006-03-02,0.0,0,,0,Action
Crescent Suzuki Racing,2006-10-01,0.0,0,,0,"Racing, Arcade"
Ocha-Ken no Heya DS,2006-04-27,0.0,0,,0,"Casual, Simulation"
John Deere: American Builder Deluxe,2006-05-01,0.0,0,,0,Strategy
Elf: Crazy Adventures,2006-11-03,0.0,0,,0,Arcade
Ueki no Housoku: Shinki Sakuretsu! Nouryokumono Battle,2006-03-02,0.0,0,,0,"Action, Fighting"
Back to Stone,2006-12-15,0.0,0,,0,"Adventure, Action, RPG"
Crazy Soccer Mundial,2006-07-14,0.0,0,,0,"Arcade, Sports"
Яйца Фаберже. Приключение,2006-09-08,0.0,0,,0,Adventure
The Sword and the Fish,2006-01-01,0.0,0,,0,RPG
Никто не знает про секс... кроме Деда Макара,2006-07-24,0.0,0,,0,Adventure
My Frogger: Toy Trials,2006-11-07,0.0,0,,0,
Mad Rally,2006-05-06,0.0,0,,0,"Racing, Arcade"
Moorhuhn Soccer,2006-04-28,0.0,0,,0,Arcade
Дом 2: Построй любовь,2006-12-22,0.0,0,,0,Strategy
Champion Dreams: First to Ride,2006-06-15,0.0,0,,0,Sports
Austin Cooper S Racing,2006-12-01,0.0,0,,0,"Racing, Arcade"
Наводнение в Простоквашино: Развивающие логические игры,2006-12-25,0.0,0,,0,
The Secrets of Atlantis: The Sacred Legacy,2006-11-01,0.0,0,,0,"Adventure, Puzzle"
Stock Car Crash,2006-04-28,0.0,0,,0,Racing
1701 A.D.,2006-10-26,0.0,0,,13,Strategy
Hero Online,2006-02-08,0.0,0,,0,"Massively Multiplayer, RPG"
SD Gundam: Scad Hammers,2006-12-02,0.0,0,,0,Action
Hamsterz Life,2006-11-02,0.0,0,,0,"Casual, Educational, Family"
Strawberry Shortcake: Strawberryland Games,2006-10-23,0.0,0,,0,Casual
Freshly-Picked Tingle’s Rosy Rupeeland,2006-09-02,0.0,0,,0,Adventure
Dawnspire: Prelude,2006-09-01,0.0,0,,0,Action
Lyle in Cube Sector,2006-01-01,0.0,0,,0,"Platformer, Adventure"
I'm O.K – A Murder Simulator,2006-01-01,0.0,0,,0,"Indie, Arcade"
Super Star Soldier,2006-11-27,0.0,0,,1,"Shooter, Action"
Nicktoons: Unite!,2006-02-03,0.0,0,,0,
Buzz!: The Sports Quiz,2006-11-10,0.0,0,,0,Casual
Gumboy: Crazy Features,2006-12-19,0.0,0,,0,Arcade
French Classics GP,2006-11-01,0.0,0,,0,"Racing, Arcade"
Miyasato Miyoshi Kyoudai Naizou: Sega Golf Club,2006-11-11,0.0,0,,0,Sports
Rockstar Games presents Table Tennis,2006-05-23,0.0,0,,1,Sports
Роман Трахтенберг: В поисках идеального анекдота,2006-12-14,0.0,0,,0,Adventure
Sneak King,2006-11-19,0.0,0,,0,Action
Thing Thing Arena,2006-02-12,0.0,0,,0,Shooter
Dr. Seuss' The Cat in the Hat (2005),2006-04-26,0.0,0,,0,"Platformer, Action"
Yo-Jin-Bo,2006-10-30,0.0,0,,0,Adventure
Championship Manager 2007,2006-10-13,0.0,0,,1,Sports
Wario's Woods,2006-11-19,0.0,4,,1,
BUZZ! Junior: Jungle Party,2006-10-20,4.33,4,,0,Arcade
Garfield and His Nine Lives,2006-05-05,0.0,0,,0,Action
Ice Age: Arctic Slide,2006-10-14,0.0,0,,0,Platformer
Need for Speed: Carbon – Collector's Edition,2006-10-30,0.0,0,,0,Racing
Pony Luv,2006-09-25,0.0,0,,0,
Aedis Eclipse: Generation of Chaos,2006-05-25,0.0,0,,0,"Strategy, RPG"
Fallen Lords: Condemnation,2006-07-01,0.0,4,,0,Action
Battlehawks 1942 (2006),2006-04-28,0.0,0,,0,
NHL Eastside Hockey Manager 2007,2006-09-22,0.0,0,,0,"Strategy, Sports"
King's Field: Additional II,2006-08-24,0.0,0,,0,RPG
The Movies: Stunts & Effects,2006-06-06,4.0,4,,8,Strategy
Alaskan Adventures,2006-09-19,0.0,0,,0,"Action, Sports"
Tom Clancy's Rainbow Six: Critical Hour,2006-08-09,0.0,0,,0,Action
Kao Challengers,2006-03-29,0.0,0,,0,"Platformer, Action"
Rhythm Tengoku,2006-08-03,0.0,5,,0,
DarkOrbit,2006-12-11,3.86,5,,0,"Strategy, Action"
Mobile Suit Gundam: Target in Sight,2006-11-11,0.0,0,,0,"Action, Simulation"
EverQuest: The Serpent's Spine,2006-09-19,0.0,0,,0,"Massively Multiplayer, RPG"
Utawarerumono: Chiriyukusha e no Komoriuta,2006-04-26,0.0,0,,0,"Strategy, Adventure, RPG"
Ikki Tousen: Shining Dragon,2006-07-26,0.0,0,,0,"Action, Fighting"
Digimon World Data Squad,2006-11-30,3.5,4,,0,RPG
Dungeon Crawl Stone Soup,2006-09-19,4.29,5,,1,"Action, RPG"
Anarchy Online: Lost Eden,2006-12-14,0.0,0,,0,"Massively Multiplayer, RPG"
Lost Magic,2006-04-25,4.17,4,,0,
Super Monkey Ball: Touch & Roll,2006-02-14,3.43,4,,0,
Cake Mania,2006-05-01,0.0,4,,0,Arcade
Evidence: The Last Ritual,2006-10-17,0.0,0,,0,Puzzle
Freaks! Slammin' Traffic,2006-11-01,0.0,0,,0,"Racing, Arcade"
The Ro(c)k Con Artists,2006-11-01,0.0,0,,0,Arcade
Антинаркомания,2006-11-01,0.0,0,,0,Arcade
DreamCube,2006-09-01,0.0,0,,0,"Arcade, Adventure, Puzzle"
Go Trabi Go!,2006-10-01,0.0,0,,0,"Racing, Arcade"
Dumbow & Cool,2006-09-25,0.0,0,,0,Arcade
Poker Superstars 2,2006-10-23,0.0,0,,0,Card
Loco Mania,2006-02-01,0.0,0,,0,Puzzle
The Apprentice,2006-02-21,0.0,0,,0,Arcade
Туманный Ёж,2006-02-07,0.0,0,,0,Adventure
Virtual Villagers: Chapter 1 - A New Home,2006-07-17,0.0,4,,1,"Casual, Strategy, Simulation"
U-Boat: Battle in the Mediterranean,2006-08-18,0.0,0,,0,Simulation
Kookabonga: Crazy Monkey Party,2006-08-01,0.0,0,,0,Arcade
Robotopia,2006-08-04,0.0,0,,0,Arcade
Pursuit of Power,2006-08-14,0.0,0,,0,Strategy
Forest Resort,2006-09-28,0.0,0,,0,Arcade
World War II Combat: Iwo Jima,2006-06-20,0.0,0,,0,"Shooter, Action"
Bet on Soldier: Blood of Sahara,2006-06-29,0.0,0,,0,"Shooter, Action"
Ground Zero: Genesis of a New World,2006-06-01,0.0,0,,0,Strategy
Clash'N Slash: Worlds Away,2006-05-25,0.0,0,,0,Arcade
JetJumper,2006-07-06,0.0,0,,0,Arcade
My Sim Aquarium,2006-07-11,0.0,0,,0,
Castle Knatterfels: 3DD Strip Poker,2006-01-01,0.0,0,,0,Card
Champion Sheep Rally,2006-05-01,0.0,0,,0,"Racing, Arcade"
NJ Doom,2006-04-05,0.0,0,,0,Shooter
Mars to Earth,2006-03-01,0.0,0,,0,Arcade
Великая Отечественная. Битва за Родину,2006-04-13,0.0,0,,0,"Shooter, Action"
The Treasures Of Montezuma,2006-12-08,3.78,5,,0,Puzzle
Requital,2006-12-13,0.0,4,,0,"Action, RPG"
Diver: Deep Water Adventures,2006-12-21,0.0,0,,0,"Educational, Action"
Bookworm Adventures,2006-11-28,0.0,0,,0,
Future Force Company Commander,2006-11-27,0.0,0,,0,Strategy
Santa Ride! 2,2006-12-15,0.0,0,,0,"Racing, Arcade"
Zen Dynamics,2006-11-18,0.0,0,,0,Shooter
Carte Blanche: For a Fistful of Teeth...,2006-11-24,0.0,0,,0,Adventure
Bet on Soldier: Black-out Saigon,2006-11-09,0.0,0,,0,"Shooter, Action"
Westward,2006-11-14,0.0,0,,1,Strategy
Toy Golf,2006-11-10,0.0,0,,0,Sports
Новые амазонки,2006-11-03,0.0,0,,0,Adventure
Rat Hunter,2006-01-13,0.0,0,,0,"Shooter, Action, Simulation"
Wilfred the Hero,2006-01-01,0.0,0,,0,RPG
Bengal: Game of Gods,2006-01-01,0.0,0,,0,Arcade
EuroCops,2006-01-27,0.0,0,,0,"Shooter, Action"
Mahjong Escape: Ancient China,2006-01-01,0.0,0,,0,Board Games
Mindlink Hacker 2012: Final Transfer,2006-01-01,0.0,0,,0,
Tenchu: Time of the Assassins,2006-06-23,0.0,0,,0,Action
Ultraman Fighting Evolution 0,2006-07-20,0.0,0,,0,Fighting
Mega Man X Collection,2006-01-10,0.0,5,,0,"Platformer, Action"
RF Online,2006-02-21,3.59,3,,1,"Massively Multiplayer, RPG"
Garfield 2: Royal Adventure,2006-06-01,0.0,0,,0,RPG
Birth of America,2006-02-24,0.0,0,,4,Strategy
Pranksterz: Off Your Boss,2006-10-20,0.0,1,,0,"Arcade, Casual, Adventure"
Poker Superstars II,2006-10-05,0.0,0,,1,"Casual, Strategy, Indie"
RTL Winter Games 2007,2006-12-07,0.0,0,,0,Sports
Crystalize! 2: Quest for the Jewel Crown!,2006-10-01,0.0,0,,0,Puzzle
Mahjong Match,2006-04-14,0.0,0,,0,"Adventure, Casual, Strategy, Sports, Indie"
AGON: The Mysterious Codex,2006-03-16,0.0,0,,0,"Adventure, Puzzle"
Jurassic Realm,2006-08-08,0.0,0,,0,"Arcade, Puzzle"
Roma Victor,2006-07-16,0.0,0,,0,"Massively Multiplayer, RPG"
Hoyle Card Games 2007,2006-09-08,0.0,0,,0,Card
1848,2006-05-15,0.0,0,,0,Strategy
Al Emmo & the Lost Dutchman's Mine,2006-09-07,0.0,0,,0,Adventure
American Chopper 2: Full Throttle,2006-08-10,0.0,0,,0,"Racing, Arcade"
Anstoss 2007,2006-08-11,0.0,0,,0,"Strategy, Sports"
Lego Star Wars II: The Original Trilogy,2006-09-11,4.13,4,,0,Arcade
Red Steel,2006-11-19,3.4,4,,2,
Rise & Fall: Civilizations at War,2006-06-12,3.73,5,,0,Strategy
The Secrets of Da Vinci: The Forbidden Manuscript,2006-05-01,4.5,5,,0,Adventure
Братва и Кольцо,2006-12-15,2.44,1,,0,Action
Легенда: Наследие Драконов,2006-09-15,0.0,0,,0,"Massively Multiplayer, RPG"
Magical Starsign,2006-10-23,0.0,0,,0,
Тупой Дозор,2006-11-08,0.0,0,,0,Adventure
JoJo's Bizarre Adventure: Phantom Blood,2006-10-26,0.0,0,,0,"Action, Fighting"
Месть на дне Бокала,2006-01-01,0.0,0,,0,Adventure
Deliverance: Moses in Pharaoh's Courts,2006-11-01,0.0,0,,0,Arcade
Fort Boyard: Le Jeu,2006-06-16,0.0,0,,0,Arcade
AGON - The Mysterious Codex (Trilogy),2006-03-16,0.0,0,,4,Adventure
Cars,2006-06-06,2.74,3,,1,"Family, Racing, Educational, Adventure"
Bejeweled Deluxe,2006-08-30,2.86,1,,1,Casual
Daxter,2006-03-14,4.11,4,,12,Adventure
Galaga,2006-07-26,3.5,4,,1,
"LOTR, BFME II",2006-07-07,3.92,5,,0,"Strategy, Simulation"
Gumboy: Crazy Adventures,2006-07-26,0.0,0,,1,Arcade
Disney's Chicken Little: Ace in Action,2006-09-08,3.14,4,,1,"Adventure, Action"
Mario Bros.,2006-11-19,3.69,4,,3,"Platformer, Adventure, Action"
Sonic Riders,2006-02-21,3.78,4,,0,"Racing, Arcade"
Tomoyo After ~It's a Wonderful Life~,2006-11-25,3.67,4,,5,"Casual, Strategy, Adventure, RPG"
RACE: The WTCC Game,2006-11-24,0.0,0,,1,"Racing, Simulation"
NBA LIVE 07,2006-09-26,3.25,3,,0,Sports
Big Money! Deluxe,2006-08-30,0.0,0,,1,Casual
The Charlton's Fashion Academy,2006-11-01,0.0,0,,0,
Curious George,2006-02-01,0.0,0,,0,Arcade
Jagged Alliance 2 Gold,2006-07-06,4.38,5,,1,Strategy
Metal Slug Anthology,2006-11-30,3.8,4,,0,Action
Bullet Witch,2006-07-27,3.18,4,,3,"Adventure, Action"
Assault Heroes,2006-12-13,3.0,3,,3,"Shooter, Arcade, Action"
"Disney's American Dragon: Jake Long, Rise of the Huntsclan",2006-10-12,0.0,0,,0,"Platformer, Action"
The Legend of Zelda: Twilight Princess,2006-11-19,4.4,5,,60,"Action, RPG"
Alien Shooter 2: Reloaded,2006-09-06,3.68,4,,3,"Indie, Action, RPG"
Columns,2006-12-04,0.0,0,,0,"Casual, Strategy"
Ultimate Baseball Online 2006,2006-08-25,0.0,0,,0,Sports
Honey Bee,2006-01-15,0.0,0,,0,Arcade
David Douillet Judo,2006-10-06,0.0,0,,0,"Arcade, Sports"
Gravity Drive,2006-01-01,0.0,0,,0,Arcade
Romanians in Space,2006-09-01,0.0,0,,0,Simulation
QuesTrix,2006-04-04,0.0,0,,0,Arcade
Питерские бои без правил,2006-03-16,0.0,0,,0,"Arcade, Fighting"
Phoenicas,2006-04-10,0.0,0,,0,Arcade
Wrestling Spirit 2,2006-06-28,0.0,0,,0,"Strategy, Sports"
Десять негритят 2,2006-04-17,0.0,0,,0,
МарсТрансАвто,2006-04-13,0.0,0,,0,"Arcade, Simulation"
Meteor Mayhem,2006-08-01,0.0,0,,0,"Arcade, Puzzle"
Backyard Baseball 2007,2006-09-11,0.0,0,,0,Sports
Pantheon (2006),2006-08-24,0.0,0,,0,Puzzle
Nipplegate,2006-02-01,0.0,0,,0,Arcade
Galapago,2006-01-01,0.0,0,,0,
A.S.L.E - Die Tierspürnasen: Katzenraub im Vogelviertel,2006-10-06,0.0,0,,0,Adventure
WonderKing,2006-03-20,0.0,0,,0,"Massively Multiplayer, RPG"
Fußball-Fieber,2006-02-01,0.0,0,,0,Arcade
Medieval Mayhem (2006),2006-01-01,0.0,0,,0,Action
Bubble Bobble Revolution,2006-09-29,0.0,0,,0,
Rapala Tournament Fishing,2006-11-22,0.0,0,,0,
Mindscape's Brain Trainer,2006-09-15,0.0,0,,0,Puzzle
Cosmic Armageddon,2006-01-01,0.0,0,,0,Arcade
Rocket Commander,2006-03-12,0.0,0,,0,"Racing, Arcade"
Rockets Grinder,2006-08-04,0.0,0,,0,Arcade
Kicks (2007),2006-07-01,0.0,0,,0,"Arcade, Sports"
Let's Make a Soccer Team!,2006-03-29,0.0,0,,0,"Simulation, Sports"
MVP 06: NCAA Basebal,2006-01-18,0.0,0,,0,Sports
Dein Pferdecamp,2006-10-17,0.0,0,,0,
Eroi,2006-03-17,0.0,0,,0,Adventure
Charlotte's Web Activity Center,2006-11-14,0.0,0,,0,Arcade
WWI: Aces of the Sky,2006-09-01,0.0,0,,0,Arcade
Super Black Bass Fishing,2006-03-28,0.0,0,,0,
Break'em All,2006-06-21,0.0,0,,0,
IGPX: Immortal Grand Prix,2006-03-30,0.0,0,,0,"Racing, Arcade"
Московская братва: Как я заработал на свой бумер,2006-09-01,0.0,0,,0,"Shooter, Action"
Painajainen,2006-07-01,0.0,0,,0,Adventure
Disney's The Little Mermaid: Magic in Two Kingdoms,2006-10-06,0.0,0,,0,"Adventure, Action"
Fantasy Earth: Zero,2006-02-23,0.0,0,,0,"Massively Multiplayer, RPG"
Franklin's Great Adventures,2006-12-06,0.0,0,,0,
Hellcore 2.0,2006-06-27,0.0,0,,0,Shooter
Stock Trading Trainer : Kabutore,2006-12-14,0.0,0,,0,"Strategy, Simulation"
The King of Fighters 2006,2006-04-28,0.0,0,,0,"Arcade, Fighting"
Total Extreme Wrestling 2007,2006-12-29,0.0,0,,0,"Strategy, Sports"
Switchfire,2006-12-01,0.0,0,,0,Arcade
Glider Simulator,2006-11-02,0.0,0,,0,Simulation
Pet Vet 3D: Animal Hospital,2006-09-12,0.0,0,,0,"Strategy, Educational"
L'Odyssée Sibérienne: Le Jeu,2006-10-30,0.0,0,,0,"Educational, Adventure"
Cabela's Outdoor Adventure 2006,2006-03-14,0.0,0,,0,Sports
Хоттабыч,2006-08-10,0.0,0,,0,Adventure
ARENA Online,2006-11-05,0.0,0,,0,"Massively Multiplayer, RPG"
netKar PRO,2006-07-27,0.0,0,,0,"Racing, Simulation"
Попугай Кеша. Свободу попугаям!,2006-01-25,0.0,0,,0,Adventure
Game & Watch Collection,2006-07-28,0.0,0,,0,Arcade
Perfect Sudoku,2006-03-01,0.0,0,,0,Puzzle
My Animal Centre in Africa,2006-12-14,0.0,0,,0,Action
Myth War Online,2006-06-06,0.0,0,,0,"Massively Multiplayer, RPG"
Кеша в мире сказок,2006-03-01,0.0,0,,0,Adventure
Книга мертвых: Потерянные души,2006-05-01,0.0,0,,0,Adventure
SketchFighter 4000 Alpha,2006-12-01,0.0,0,,0,Shooter
Paris Chase,2006-11-17,0.0,0,,0,"Racing, Arcade"
Dra†Koi,2006-02-03,0.0,0,,0,Casual
bit Generations: Soundvoyager,2006-07-27,0.0,0,,0,Action
Disney's The Little Mermaid: Ariel's Undersea Adventure,2006-10-03,0.0,0,,0,Adventure
Bratz: Forever Diamondz,2006-09-19,0.0,0,,0,Family
Biathlon Champion 2007,2006-11-01,0.0,0,,0,Sports
King's Field: Additional I,2006-07-20,0.0,0,,0,RPG
ChainDive,2006-10-16,0.0,0,,0,Action
Nanatsuiro★Drops,2006-03-19,0.0,0,,0,Casual
Formula One 06,2006-07-28,0.0,0,,0,"Racing, Simulation"
Eagle Eye Golf,2006-06-23,0.0,0,,0,Sports
Болек и Лелек учат немецкий,2006-02-08,0.0,0,,0,Educational
Sven: Gut zu Vogeln...,2006-06-16,0.0,0,,0,Arcade
MLB 06: The Show,2006-02-28,0.0,0,,0,Sports
Aladdin Magic Carpet Racing,2006-04-10,0.0,0,,0,"Racing, Arcade"
Bomberman '93,2006-11-22,0.0,0,,1,
Попугай Кеша: Вы не были на Таити?,2006-04-04,0.0,0,,0,Arcade
Texas Hold 'em,2006-08-23,0.0,0,,0,Card
Big Bumpin',2006-11-19,0.0,0,,0,"Racing, Action"
Sneakers,2006-09-09,0.0,0,,0,Action
Railfan: Chicago Transit Authority Brown Line,2006-12-21,0.0,0,,0,Simulation
Hiiro No Kakera,2006-07-06,0.0,0,,0,"Casual, Adventure"
Mainichi Issho,2006-11-11,0.0,0,,0,Adventure
Chou Soujuu Mecha MG,2006-09-02,0.0,0,,0,"Action, Simulation"
Mario Slam Basketball,2006-07-27,0.0,0,,0,Sports
IL-2 Sturmovik: Pe-2,2006-04-07,0.0,0,,0,Simulation
Secret of Evangelion,2006-12-21,0.0,0,,0,Adventure
The Sims 2: Glamour Life Stuff,2006-08-31,3.83,4,,0,Simulation
Zegapain XOR,2006-07-27,0.0,0,,0,"Shooter, Action"
Moscow to Berlin,2006-03-01,0.0,0,,0,Strategy
DevastationZone Troopers,2006-07-12,0.0,0,,0,Arcade
Волкодав: Последний из рода Серых Псов,2006-12-22,2.17,1,,0,"Action, RPG"
Kirby Squeak Squad,2006-12-04,3.92,4,,0,
Military Madness,2006-12-18,0.0,0,,1,
Tokimeki Memorial Girl's Side: 2nd Kiss,2006-08-03,0.0,0,,0,"Casual, Simulation"
German Classics GP,2006-01-01,0.0,0,,0,"Racing, Arcade"
Магия крови: Многопользовательское дополнение,2006-09-29,0.0,0,,0,"Action, RPG"
The Mark,2006-11-24,0.0,0,,0,"Shooter, Action"
Half-Life: Point of View,2006-01-04,0.0,0,,0,Shooter
Blitzkrieg 2: Fall of the Reich,2006-09-01,0.0,0,,0,Strategy
Innocent Life: A Futuristic Harvest Moon,2006-04-27,0.0,0,,0,"Strategy, RPG, Simulation"
Fire Heroes,2006-11-16,0.0,0,,0,"Action, Simulation"
Worms: Open Warfare,2006-03-14,0.0,0,,1,Strategy
Snoopy VS. The Red Baron,2006-10-24,0.0,0,,0,"Shooter, Family, Action"
EverQuest II: Kingdom of Sky,2006-02-21,0.0,0,,0,"Massively Multiplayer, RPG"
Dance Dance Revolution SuperNova,2006-04-28,0.0,0,,0,"Casual, Arcade"
Heracles: Battle with the Gods,2006-03-10,0.0,0,,0,Arcade
Barbie in The 12 Dancing Princesses,2006-11-08,0.0,0,,0,
Ys Strategy,2006-03-23,0.0,0,,0,Strategy
Dungeon Siege 2: Broken World,2006-08-01,3.42,4,,0,"Action, RPG"
Spider-Man: Battle for New York,2006-11-14,3.14,4,,0,Action
Moorhuhn Pirates,2006-07-10,0.0,0,,0,Arcade
ZE?T Riddle,2006-04-21,0.0,0,,0,Puzzle
FIFA Manager 07,2006-10-01,0.0,0,,0,"Strategy, Sports"
Agatha Christie: Murder on the Orient Express,2006-11-14,3.5,4,,0,Adventure
The Chosen: Well of Souls,2006-12-13,2.6,4,,0,"Action, RPG"
Ikusa Otome Suvia,2006-12-29,0.0,0,,0,Adventure
Harukoi Otome,2006-01-27,0.0,0,,0,Adventure
Private Eye: Greatest Unsolved Mysteries,2006-01-01,0.0,0,,0,
Another World Collector's Edition,2006-03-14,0.0,0,,0,Arcade
Auto Assault,2006-04-13,0.0,0,,0,"Racing, Action"
Babo Violent 2,2006-10-01,0.0,0,,0,"Shooter, Action"
Airborne Assault: Conquest of the Aegean,2006-06-09,0.0,0,,0,Strategy
Sexy Beach 3: Character Tsuika Disc,2006-12-15,0.0,4,,0,Arcade
The Legend of Zelda: Parallel Worlds,2006-12-31,0.0,0,,0,Adventure
Gods: Lands of Infinity,2006-04-07,3.0,4,,0,RPG
Emergency 4: Global Fighters for Life,2006-04-13,0.0,5,,0,Strategy
Fire Department 3,2006-04-01,0.0,0,,0,Strategy
Wild Earth,2006-04-18,0.0,0,,0,"Educational, Action"
ManiaDrive,2006-05-13,0.0,0,,0,"Racing, Arcade"
Князь Владимир,2006-05-05,0.0,3,,0,Arcade
Snowy: Lunch Rush,2006-03-31,0.0,0,,0,"Arcade, Action"
In Vivo: King's Knight,2006-03-10,0.0,0,,0,"Action, RPG"
Panzer Campaigns: Stalingrad '42,2006-03-03,0.0,0,,0,Strategy
Plasma Pong,2006-03-01,0.0,0,,0,Arcade
Virtual Makeover 2,2006-03-17,0.0,0,,0,Arcade
Elite Warriors Vietnam,2006-03-24,0.0,0,,0,
Crazy Chicken: Heart of Tibet,2006-01-01,0.0,0,,0,Arcade
Dragonblade: Cursed Lands' Treasure,2006-01-01,0.0,0,,0,Action
The Regiment,2006-02-17,0.0,0,,0,"Shooter, Action"
Camelot Galway: City of the Tribes,2006-03-01,0.0,0,,0,"Educational, Adventure"
MILF Warrior: Desperate Brides,2006-01-01,0.0,0,,0,"Racing, Arcade"
Патриот: ДемократиZация,2006-01-30,0.0,0,,0,"Shooter, Action"
Lula 3D,2006-02-10,0.0,1,,0,Adventure
Dodge That Anvil!,2006-01-01,0.0,0,,0,Arcade
World Series of Poker: Tournament of Champions,2006-09-19,0.0,0,,0,Card
Impossible: A New Reality,2006-10-19,0.0,0,,0,Shooter
The Exchange Student: Episode 1 - First Day in Sweden!,2006-09-04,0.0,0,,0,Adventure
Dream Vacation Solitaire,2006-09-01,0.0,0,,0,Card
EEP Virtual Railroad 5,2006-09-27,0.0,0,,0,Simulation
Dollar,2006-09-01,0.0,0,,0,Adventure
Wobbly Bobbly,2006-09-28,0.0,0,,0,Arcade
Napoleonic Battles: Jena-Auerstadt,2006-10-06,0.0,0,,0,Strategy
Frets on Fire,2006-08-03,4.14,4,,26,Arcade
Pac-Man World Rally,2006-08-22,3.38,4,,0,"Racing, Arcade"
Fire Station. Mission: Saving Lives,2006-08-03,0.0,0,,0,Strategy
Alien Arena 2007,2006-08-31,0.0,0,,0,"Shooter, Action"
Викинги,2006-07-28,0.0,0,,0,Strategy
Kudos,2006-07-13,0.0,0,,0,Strategy
Big Kahuna Reef 2: Chain Reaction,2006-06-01,0.0,0,,0,Arcade
Pop-A-Tronic,2006-06-29,0.0,0,,0,"Arcade, Puzzle"
Stoked Rider: Alaska Alien,2006-12-14,0.0,0,,0,"Arcade, Sports"
Forge of Freedom: The American Civil War,2006-11-30,0.0,0,,0,Strategy
DMZ North Korea,2006-12-12,0.0,0,,0,"Shooter, Action"
Terrorist Takedown: Covert Operations,2006-11-01,0.0,0,,0,"Shooter, Action"
Frankie Dettori Racing,2006-10-26,0.0,0,,0,"Racing, Sports"
Pirates of the Caribbean: Dead Man's Chest,2006-06-27,0.0,0,,0,"Adventure, Action"
Никто не знает про секс,2006-07-22,0.0,0,,0,
Jaws Unleashed,2006-05-23,3.69,4,,24,"Adventure, Action"
Day Watch,2006-11-02,2.57,4,,0,"Strategy, RPG"
The Elder Scrolls Travels: Oblivion,2006-03-20,0.0,0,,0,RPG
CSI: 3 Dimensions of Murder,2006-03-14,3.25,4,,0,Adventure
Tasty Planet,2006-11-24,3.6,3,,3,"Adventure, Action, Casual, Arcade, Family, Indie"
Sid Meier's Civilization 4: Warlords,2006-07-24,3.89,4,,0,Strategy
Pokémon Trozei,2006-03-06,0.0,0,,0,
Catz,2006-11-30,0.0,0,,0,
Star Fox Command,2006-08-28,3.47,4,,6,"Shooter, Action"
ParaWorld,2006-09-25,4.0,4,,0,Strategy
Metal Combat,2006-12-29,0.0,0,,0,"Arcade, Fighting"
Brave Dwarves: Creeping Shadows,2006-12-21,0.0,0,,0,Arcade
Gunpey (DS),2006-11-17,0.0,0,,0,"Arcade, Puzzle"
Ядерный титбит 2,2006-08-31,2.0,1,,0,Adventure
Scratches,2006-03-08,4.46,5,,0,Adventure
The Sims 2: Open for Business,2006-03-02,3.96,4,,4,Strategy
EarthDefenseForce 2017,2006-12-14,3.64,4,,0,"Adventure, Action"
Point Blank,2006-06-13,2.91,3,,1,"Shooter, Massively Multiplayer, Action"
Ecco the Dolphin,2006-11-27,3.26,3,,0,Action
Keepsake,2006-03-30,3.85,4,,3,"Casual, Indie, Adventure, Puzzle"
RIP 3: The Last Hero,2006-12-09,3.69,3,,1,Arcade
NHL 2K7,2006-09-12,0.0,0,,0,Sports
Feeding Frenzy 2 Deluxe,2006-08-30,3.05,4,,1,Casual
Touch Detective,2006-04-13,0.0,0,,0,Adventure
NCAA Football 07,2006-07-17,2.4,1,,0,Sports
Hammer Heads Deluxe,2006-08-30,0.0,0,,2,Casual
Medieval 2: Total War,2006-11-14,4.18,5,,0,Strategy
AstroPop Deluxe,2006-08-30,0.0,0,,1,Casual
The Elder Scrolls 4: Oblivion - Knights of the Nine,2006-11-21,3.93,4,,0,"Adventure, Action, RPG"
Rise of Nations: Rise of Legends,2006-05-09,4.18,4,,4,Strategy
X-Men: The Official Game,2006-05-16,3.31,4,,0,Action
Kim Possible: Legend of the Monkey's Eye,2006-05-16,0.0,0,,0,Action
Ankh 2: Heart of Osiris,2006-12-26,3.75,4,,1,"Adventure, RPG"
Insaniquarium Deluxe,2006-08-30,4.0,4,,2,Casual
Far Cry Vengeance,2006-12-12,2.64,1,,0,Shooter
Экспедиция-Трофи: Мурманск-Владивосток,2006-03-03,0.0,0,,0,"Racing, Simulation"
Blood+: One Night Kiss,2006-08-30,0.0,0,,0,"Adventure, Action"
Girlzz: Life's a Party,2006-01-09,0.0,0,,0,Strategy
Flugratten,2006-11-30,0.0,0,,0,Arcade
Ray-hound,2006-08-14,0.0,0,,0,Arcade
Robin Hood: Return of Richard,2006-06-01,0.0,0,,0,Arcade
Tuff Enuff,2006-01-01,0.0,0,,0,Arcade
ORF-Ski Challenge '07,2006-11-01,0.0,0,,0,Sports
Out of the Park Baseball 2006,2006-06-07,0.0,0,,0,"Strategy, Sports"
Total College Basketball,2006-01-14,0.0,0,,0,"Strategy, Sports"
Core Defender,2006-01-09,0.0,0,,0,Arcade
ProStroke Golf: World Tour 2007,2006-08-15,0.0,0,,0,Sports
Rumble Box: Tournament Edition,2006-01-20,0.0,0,,0,"Arcade, Fighting"
Taito Legends 2,2006-03-31,0.0,0,,0,"Arcade, Sports"
Powershot Pinball,2006-07-07,0.0,0,,0,Arcade
HIARCS 10,2006-05-30,0.0,0,,0,
PixelShips Retro,2006-09-21,0.0,0,,0,Arcade
World War II Flying Ace,2006-01-01,0.0,0,,0,Arcade
International Basketball 2006,2006-02-16,0.0,0,,0,"Arcade, Sports"
Catz 6,2006-11-16,0.0,0,,0,
Football Mogul 2007,2006-12-09,0.0,0,,0,"Strategy, Sports"
Fruit Fall,2006-01-01,0.0,0,,0,Puzzle
Enchanted Gardens,2006-12-14,0.0,0,,0,
Uno / Uno Skipbo / Uno Freefall,2006-11-09,0.0,0,,0,
Aircraft Powerpack,2006-10-21,0.0,0,,0,
Dance Factory,2006-08-29,0.0,0,,0,Arcade
Battle B-Daman: Fire Spirits!,2006-09-24,0.0,0,,0,Arcade
The Koala Brothers: Outback Adventures,2006-02-03,0.0,0,,0,Arcade
Hoyle Casino 2007,2006-09-08,0.0,0,,0,Card
Antigen,2006-02-03,0.0,0,,0,Arcade
A-VCS-tec Challenge,2006-01-01,0.0,0,,0,Action
Digger Adventures,2006-01-01,0.0,0,,0,Arcade
Aqua Fish,2006-11-29,0.0,0,,0,Arcade
Eureka 7 V.1: New Wave,2006-04-06,0.0,0,,0,"Adventure, Action"
Blast Miner,2006-01-01,0.0,0,,0,"Action, Puzzle"
Strike Ball 2,2006-01-12,0.0,0,,0,Arcade
Mai-Hime Bakuretsu! Fuuka Gakuen Gekitoushi?!,2006-02-23,0.0,0,,0,Fighting
Konductra,2006-10-31,0.0,0,,0,
NFL Head Coach,2006-06-20,0.0,0,,0,"Strategy, Sports"
FIM Speedway Grand Prix 2,2006-11-24,0.0,0,,0,"Racing, Simulation"
Home Alone (PS 2),2006-11-29,0.0,0,,0,"Arcade, Action"
Deep Labyrinth,2006-08-15,0.0,0,,0,
"Dino Master: Dig, Discover, Duel",2006-02-28,0.0,0,,0,
Trilby's Notes,2006-06-26,0.0,0,,0,Adventure
Legend: Legacy of the Dragons,2006-09-15,0.0,0,,0,"Massively Multiplayer, RPG"
Voyage Century Online,2006-12-22,0.0,0,,0,"Massively Multiplayer, RPG"
War on Terror,2006-04-01,0.0,0,,0,Strategy
ДМБ 3: Кавказская миссия,2006-11-29,0.0,0,,0,Adventure
Glory of the Roman Empire,2006-06-26,0.0,0,,0,Strategy
Drag Racer USA,2006-11-25,0.0,0,,0,Racing
Bass Pro Shops Trophy Hunter 2007,2006-11-14,0.0,0,,0,Sports
Billy Hatcher and the Giant Egg,2006-03-31,0.0,0,,0,Arcade
After... Wasureenu Kizuna,2006-02-24,0.0,0,,0,Adventure
Alpine Ski Racing 2007,2006-11-01,0.0,0,,6,Sports
NBA Ballers: Phenom,2006-03-29,0.0,0,,0,Sports
American Conquest: Divided Nation,2006-03-27,0.0,0,,0,Strategy
Reel Fishing: The Great Outdoors,2006-09-28,0.0,0,,0,"Simulation, Sports"
GT Pro Series,2006-11-19,0.0,0,,0,
The Sims 2: Family Fun Stuff,2006-03-16,3.67,3,,0,
GTR 2: FIA GT Racing Game,2006-09-14,0.0,0,,0,"Racing, Simulation"
Formula One Championship Edition (2006),2006-12-28,0.0,0,,0,"Racing, Simulation"
Xyanide,2006-08-15,0.0,0,,0,Action
Tsuushin Taisen Mahjong: Touryuumon,2006-01-26,0.0,0,,0,Board Games
The Sims 2: Happy Holiday Stuff,2006-11-10,3.9,3,,0,
Bleach: Blade Battlers,2006-10-12,0.0,0,,0,"Action, Fighting"
EyeToy Play: Sports,2006-11-03,0.0,0,,0,"Family, Action, Sports"
One Piece: Dragon Dream!,2006-04-24,0.0,0,,0,RPG
The Ant Bully,2006-07-24,0.0,0,,0,Arcade
Yu-Gi-Oh! GX Spirit Caller,2006-11-30,0.0,0,,0,Card
Steam Brigade,2006-02-24,0.0,0,,0,"Strategy, Arcade"
KrabbitWorld Labyrinth,2006-06-06,0.0,0,,0,Arcade
Magnetica,2006-06-05,0.0,0,,0,
Dot Fighters,2006-09-29,0.0,0,,0,"Arcade, Fighting"
Touch Panic,2006-05-25,0.0,0,,0,Puzzle
Monster Puzzle  (2006),2006-12-01,0.0,0,,0,Puzzle
Triplane Turmoil 2,2006-09-22,0.0,0,,0,Arcade
Electroplankton,2006-01-09,0.0,0,,0,Arcade
Funny Racer,2006-05-08,0.0,0,,0,"Racing, Arcade"
Tennis Elbow 2006,2006-03-25,0.0,0,,0,Sports
Stacked,2006-05-31,0.0,0,,0,Card
ТрюкМания: Гонки экстремалов,2006-04-06,0.0,0,,0,"Racing, Arcade"
Dino Island Deluxe,2006-12-01,0.0,0,,0,Strategy
Shredder 10 UCI,2006-05-15,0.0,0,,0,
Every Extend Extra,2006-01-01,0.0,0,,0,Arcade
Sega Genesis Collection,2006-11-16,0.0,0,,0,"Arcade, Adventure, Action"
Handball Manager 2007,2006-10-13,0.0,0,,0,"Strategy, Sports"
World Basketball Manager 2007,2006-12-13,0.0,0,,0,"Strategy, Sports"
Zegapain NOT,2006-12-07,0.0,0,,0,"Shooter, Action"
Paws & Claws: Pet School,2006-10-17,0.0,0,,0,"Casual, Simulation"
Over the Hedge: Hammy Goes Nuts!,2006-10-10,0.0,0,,0,"Adventure, Action"
ALIEN CRUSH,2006-12-11,0.0,0,,3,Arcade
Tri-achnid,2006-11-02,0.0,0,,0,"Platformer, Indie"
Left Behind: Eternal Forces,2006-11-07,0.0,0,,0,Strategy
Legendo's Dracula Twins,2006-09-28,0.0,0,,0,Arcade
Bounty Hounds,2006-08-10,0.0,0,,0,"Shooter, Action"
Rugby Challenge 2006,2006-01-01,0.0,0,,0,Sports
Seafight,2006-03-18,0.0,0,,0,"Strategy, Massively Multiplayer, Action"
Last Hope (2006),2006-07-10,0.0,0,,0,"Shooter, Action"
Bleach: Heat the Soul 3,2006-07-20,0.0,0,,0,"Action, Fighting"
Ape Academy 2,2006-09-29,0.0,0,,0,Action
Super Mario War,2006-09-16,0.0,0,,0,Platformer
Tales of Pirates,2006-09-08,0.0,4,,0,"Massively Multiplayer, RPG"
Victorious Boxers 2: Fighting Spirit,2006-11-20,0.0,0,,0,"Action, Fighting, Sports"
ACE Online,2006-05-25,0.0,0,,0,Arcade
Arma: Armed Assault,2006-12-25,3.33,3,,0,"Shooter, Action"
Mahjongg Artifacts,2006-09-13,0.0,0,,0,Puzzle
Gensou Suikoden I & II,2006-02-23,0.0,0,,0,"Action, RPG"
SuperTuxKart,2006-08-06,4.57,5,,0,"Racing, Action"
Knytt,2006-12-02,0.0,4,,0,Arcade
GTI Racing,2006-08-11,0.0,4,,1,Racing
Xenosaga I & II,2006-03-30,0.0,0,,0,RPG
R-Type,2006-12-25,3.22,3,,1,Arcade
Monster Hunter 2,2006-02-16,0.0,4,,0,RPG
Tetris DS,2006-03-20,4.2,4,,0,
Neverwinter Nights: Infinite Dungeons,2006-05-01,0.0,0,,0,RPG
Neverwinter Nights: Wyvern Crown of Cormyr,2006-09-01,0.0,0,,0,RPG
Neverwinter Nights: Darkness Over Daggerford,2006-08-01,0.0,0,,0,RPG
Scooby-Doo! Who's Watching Who? (PSP),2006-10-16,0.0,0,,0,Adventure
Warlock of Firetop Mountain Roguelike,2006-03-03,0.0,0,,0,
Ace Combat Advance,2006-08-25,0.0,0,,0,Shooter
Ultimate Mahjongg 20,2006-10-01,0.0,0,,0,"Board Games, Puzzle"
Tiki Boom Boom,2006-01-01,0.0,0,,0,Puzzle
Coffee House Chaos,2006-12-04,0.0,0,,0,Arcade
Air Assault Task Force,2006-12-12,0.0,0,,0,Strategy
AssaultCube,2006-04-11,0.0,0,,0,
One Piece: Grand Adventure,2006-08-26,0.0,0,,0,"Arcade, Fighting"
Megamari,2006-05-21,0.0,0,,0,Platformer
DropTeam,2006-06-02,0.0,0,,0,"Action, Simulation"
Doushin - Same Heart,2006-06-01,0.0,0,,0,Adventure
winSPWW2,2006-06-08,0.0,0,,0,Strategy
ZOG's Nightmare: The National Socialist Movement,2006-01-01,0.0,0,,0,Shooter
UpSoccer,2006-01-01,0.0,0,,0,"Arcade, Sports"
Refuse: Home Sweep Home,2006-03-20,0.0,0,,0,"Shooter, Action"
Yakuza Revenge,2006-03-06,0.0,0,,0,"Shooter, Action"
Бумер 2,2006-03-17,0.0,0,,0,Arcade
Shopping Marathon,2006-01-01,0.0,0,,0,Arcade
Кто самый умный? 2,2006-03-14,0.0,0,,0,
ETROM: The Astral Essence,2006-03-01,0.0,0,,0,"Action, RPG"
Jacked,2006-02-10,0.0,0,,0,"Racing, Arcade"
Проклятые Земли: Затерянные в Астрале,2006-01-27,3.12,4,,0,RPG
Cyber Wars,2006-01-04,0.0,0,,0,Strategy
Nikujin,2006-01-01,0.0,0,,0,"Platformer, Action"
Stand O'Food,2006-12-29,0.0,0,,0,"Action, Puzzle, Casual, Strategy, Arcade, Simulation"
Dilemma,2006-12-20,0.0,0,,0,Adventure
Star Trek: Legacy,2006-12-05,0.0,0,,2,Strategy
First Eagles: The Great Air War 1914-1918,2006-11-24,0.0,0,,0,Simulation
Lost Legends,2006-12-17,0.0,0,,0,"Action, RPG"
The History Channel's Civil War: A Nation Divided,2006-11-20,0.0,0,,0,"Shooter, Action"
Flyboys Squadron,2006-11-16,0.0,0,,0,"Arcade, Simulation"
Меченосец,2006-10-12,0.0,0,,0,"Shooter, Action"
Putt Mania,2006-10-13,0.0,0,,0,
Panzer Campaigns: Minsk '44,2006-10-06,0.0,0,,0,Strategy
My Pet Hotel,2006-09-15,0.0,0,,1,"Casual, Simulation"
Garfield 2,2006-10-01,4.0,4,,0,Arcade
Prison Tycoon 2: Maximum Security,2006-09-08,0.0,0,,0,Strategy
Sudoku Bondage: Tied Up & Bound,2006-09-27,0.0,0,,0,Puzzle
The Legend of the Dragon,2006-09-01,0.0,0,,0,Action
Кибервойны: Прототип 2700,2006-09-14,0.0,0,,0,Action
Total Pro Golf,2006-08-24,0.0,0,,0,"Strategy, Sports"
Micro Machines V4,2006-06-27,0.0,4,,0,"Racing, Arcade"
TerraWars: New York Invasion,2006-06-29,0.0,0,,0,"Shooter, Action"
Distant Guns: The Russo-Japanese War at Sea,2006-07-27,0.0,0,,0,Strategy
Outlaw Chopper,2006-07-11,0.0,0,,0,"Racing, Arcade"
Fuzzy McFluffenstein,2006-08-11,0.0,0,,0,"Platformer, Action"
Strategic Command Classic: WWII,2006-04-27,0.0,0,,4,Strategy
Strategic Command 2: Blitzkrieg,2006-04-28,0.0,0,,0,Strategy
Stoked Rider Big Mountain Snowboarding,2006-03-29,0.0,0,,0,"Arcade, Sports"
Книга теней: Утерянные страницы,2006-04-01,0.0,0,,0,Arcade
O2Jam,2006-03-31,0.0,0,,0,Arcade
Жесть,2006-03-24,0.0,0,,0,Strategy
World Super Police,2006-07-21,0.0,0,,0,Racing
Disgaea 2: Cursed Memories,2006-02-23,3.9,4,,0,Strategy
Snowy: Treasure Hunter 2,2006-01-19,0.0,0,,0,Arcade
Avatar: The Legend of Aang,2006-10-10,0.0,3,,0,"Action, RPG"
Harry Potter and the Goblet of Fire (GBA/NDS),2006-11-08,0.0,0,,0,"Adventure, Action"
Mahjong Titans (Microsoft),2006-11-08,0.0,4,,0,Card
Tom Clancy's Splinter Cell Essentials,2006-03-21,3.67,4,,0,Action
Full Pipe,2006-12-18,3.6,4,,1,"Arcade, Adventure, Puzzle"
Cartoon Network Racing,2006-11-30,0.0,0,,0,Racing
Night Watch,2006-06-26,3.05,4,,0,RPG
Heroes of Might and Magic 5: Bundle,2006-05-18,4.35,5,,0,Strategy
Blood+ One Night Kiss,2006-08-30,0.0,0,,0,Action
Evolution GT,2006-05-12,0.0,0,,0,"Racing, Arcade"
Metal Slug 6,2006-02-24,3.67,4,,0,Action
Sam & Max: 101 - Culture Shock,2006-11-01,3.31,4,,2,"Adventure, Action"
Animamundi: Dark Alchemist,2006-05-31,0.0,0,,0,Adventure
BattleZone (2006),2006-10-31,0.0,0,,0,Action
Playboy: The Mansion - Private Party,2006-01-25,0.0,0,,0,Strategy
Jets'n'Guns Gold,2006-12-01,3.95,4,,3,"Indie, Shooter, Arcade, Action"
Guitar Hero II,2006-11-07,4.2,4,,10,"Arcade, Simulation"
Geneforge 4: Rebellion,2006-11-20,2.55,1,,1,"Strategy, Indie, RPG"
Broken Sword 4 - The Angel of Death,2006-09-15,3.3,4,,3,Adventure
Bejeweled 2 Deluxe,2006-08-30,3.46,4,,1,Casual
Open Season,2006-09-18,3.45,4,,0,"Family, Arcade, Action"
2006 FIFA World Cup,2006-04-24,3.81,4,,0,Sports
Bionicle Heroes,2006-11-14,3.6,4,,0,"Arcade, Adventure, Action"
Sea Dogs: Caribbean Tales,2006-09-11,3.68,4,,1,"Action, RPG"
Yoshi's Island DS,2006-11-13,3.61,4,,2,
Star Trek Legacy,2006-12-12,3.0,3,,0,Action
Blast Factor,2006-11-17,3.33,4,,0,Arcade
Heavy Weapon Deluxe,2006-08-30,0.0,0,,1,Casual
FIFA Street 2,2006-02-28,4.12,4,,3,Sports
Neverwinter Nights 2,2006-10-31,4.06,4,,12,RPG
Eets,2006-03-27,1.61,1,,1,"Arcade, Puzzle"
A.I.M.2 Clan Wars,2006-02-16,3.44,4,,1,"Action, RPG, Simulation"
Chuzzle Deluxe,2006-08-30,3.22,5,,2,Casual
The Lord of the Rings: The Battle for Middle-earth 2 - The Rise of the Witch-king,2006-11-28,4.31,4,,0,Strategy
Blitz: The League,2006-10-30,0.0,5,,0,Sports
"Disney's American Dragon: Jake Long, Attack of the Dark Dragon",2006-10-17,0.0,0,,0,Action
The Ship,2006-07-11,3.36,4,,3,"Shooter, Action"
The Outfit,2006-03-13,3.22,3,,0,"Shooter, Action"
TrackMania United,2006-11-17,4.02,4,,3,"Racing, Arcade, Puzzle"
Mad Tracks,2006-02-01,3.29,4,,1,"Racing, Arcade, Sports"
Bullet Candy,2006-05-16,2.67,3,,1,"Casual, Indie"
Dynomite Deluxe,2006-08-30,0.0,3,,1,Casual
SpellForce 2: Shadow Wars,2006-04-26,3.74,4,,2,"Strategy, Action, RPG"
Avatar: The Last Airbender,2006-10-10,3.3,4,,0,Action
Dr Kawashima's Brain Training,2006-04-16,3.57,4,,0,Puzzle
The Tousou Highway 2 - Road Warrior 2050,2006-12-28,0.0,0,,0,"Arcade, Adventure, Action"
MiniGolf,2006-05-01,0.0,0,,0,"Action, Puzzle, Casual, Sports, Indie"
ROBLOX,2006-08-27,3.25,3,,173,"Racing, Shooter, Adventure, Action, RPG, Fighting, Puzzle, Strategy, Arcade, Simulation, Sports, Card, Family, Board Games, Educational, Casual, Indie, Massively Multiplayer, Platformer"
